Symbol,Name,Sector,Industry,Country,Currency,Exchange,Website,Current Price,Market Cap,Enterprise Value,PE Ratio,Forward PE,PEG Ratio,Price to Book,Price to Sales,Book Value per Share,Revenue per Share,Revenue Growth (YoY),Earnings Growth (YoY),EBITDA Margins,Gross Margins,Operating Margins,Profit Margins,Dividend Rate,Dividend Yield,Payout Ratio,Five-Year Avg. Dividend Yield,Ex-Dividend Date,Free Cash Flow,Operating Cash Flow,Total Cash,Cash per Share,Total Debt,Net Debt,Debt to Equity,Current Ratio,Quick Ratio,Beta,52-Week High,52-Week Low,Average Volume,Regular Market Volume,Current Price Change (%),1-Year Return,Insider Ownership,Institutional Ownership,Short Ratio,Target High Price,Target Low Price,Target Mean Price,Recommendation Mean,Number of Analyst Opinions,Return on Assets,Return on Equity,Enterprise to EBITDA,Trailing EPS,Forward EPS,Total Revenue
AA,Alcoa Corporation,Basic Materials,Aluminum,United States,USD,NYQ,https://www.alcoa.com,41.21,10646809600,12278802432,N/A,13.205031,N/A,2.0279515,0.9675399,20.321,57.238,0.116,N/A,0.09724,0.12077,0.086780004,-0.02654,0.4,0.0099,0.0584,N/A,1730160000,552124992,405000000,1312999936,5.082,2944999936,N/A,56.095,1.407,0.671,2.419,46.55,23.8,5148180,4500232,N/A,0.54805493,0.00756,0.70732003,1.9,55.0,38.5,46.96923,1.78571,13,0.01862,-0.07142,11.476,-1.58,3.19,11004000256
AAAU,Goldman Sachs Physical Gold ETF,N/A,N/A,N/A,USD,BTS,N/A,N/A,N/A,N/A,N/A,N/A,N/A,N/A,N/A,N/A,N/A,N/A,N/A,N/A,N/A,N/A,N/A,N/A,N/A,N/A,N/A,N/A,N/A,N/A,N/A,N/A,N/A,N/A,N/A,N/A,N/A,N/A,27.6,19.47,2020829,2447301,N/A,N/A,N/A,N/A,N/A,N/A,N/A,N/A,N/A,N/A,N/A,N/A,N/A,N/A,N/A,N/A
AAA,Alternative Access First Priority CLO Bond ETF,N/A,N/A,N/A,USD,PCX,N/A,N/A,N/A,N/A,N/A,N/A,N/A,N/A,N/A,N/A,N/A,N/A,N/A,N/A,N/A,N/A,N/A,N/A,N/A,N/A,N/A,N/A,N/A,N/A,N/A,N/A,N/A,N/A,N/A,N/A,N/A,N/A,25.28,24.79,6550,15600,N/A,N/A,N/A,N/A,N/A,N/A,N/A,N/A,N/A,N/A,N/A,N/A,N/A,N/A,N/A,N/A
A,"Agilent Technologies, Inc.",Healthcare,Diagnostics & Research,United States,USD,NYQ,https://www.agilent.com,130.22,37415854080,38752808960,27.944206,23.01402,N/A,6.3429127,5.758943,20.53,22.269,-0.056,1.569,0.24073,0.54394,0.24968,0.21747999,0.94,0.0069999998,0.19399999,0.66,1727740800,879500032,1786000000,1779000064,6.192,3116000000,N/A,52.787,1.781,1.258,1.072,155.35,112.06,1572662,1970696,N/A,0.15086174,0.00274,0.9214,2.59,165.0,135.0,150.11472,2.35,17,0.07579,0.24658,24.778,4.66,5.65,6496999936
ABCL,AbCellera Biologics Inc.,Healthcare,Biotechnology,Canada,USD,NMS,https://www.abcellera.com,2.76,864981248,243470928,N/A,-4.0888886,N/A,0.75554335,26.241772,3.653,0.112,-0.014,N/A,N/A,N/A,-14.39419,N/A,N/A,N/A,N/A,N/A,N/A,-105576000,-120167000,643139008,2.177,71399000,N/A,6.623,9.336,8.878,0.351,6.055,2.335,2158457,2747590,N/A,-0.34675616,0.27987,0.36547002,9.57,28.0,5.0,12.28571,1.44444,7,-0.13256,-0.15551,-1.096,-0.57,-0.66,32962000
ABEO,Abeona Therapeutics Inc.,Healthcare,Biotechnology,United States,USD,NCM,https://www.abeonatherapeutics.com,5.95,257720672,158177664,N/A,-4.375,N/A,3.3845277,Infinity,1.758,N/A,N/A,N/A,N/A,N/A,N/A,N/A,N/A,N/A,N/A,N/A,N/A,-20499376,-42203000,122708000,2.833,23165000,N/A,31.628,7.475,7.383,1.505,9.01,3.05,252712,411824,N/A,0.42004776,0.05104,0.79053,10.79,21.0,7.5,15.91667,1.2,6,-0.37814,-1.2738,-2.889,-1.73,-1.48,N/A
ABEQ,Absolute Select Value ETF,N/A,N/A,N/A,USD,PCX,N/A,N/A,N/A,N/A,23.236252,N/A,N/A,N/A,N/A,N/A,N/A,N/A,N/A,N/A,N/A,N/A,N/A,N/A,N/A,N/A,N/A,N/A,N/A,N/A,N/A,N/A,N/A,N/A,N/A,N/A,N/A,N/A,33.29,27.43,5517,3053,N/A,N/A,N/A,N/A,N/A,N/A,N/A,N/A,N/A,N/A,N/A,N/A,N/A,N/A,N/A,N/A
ABCS,Alpha Blue Capital US Small-Mid Cap Dynamic ETF,N/A,N/A,N/A,USD,NGM,N/A,N/A,N/A,N/A,N/A,N/A,N/A,N/A,N/A,N/A,N/A,N/A,N/A,N/A,N/A,N/A,N/A,N/A,N/A,N/A,N/A,N/A,N/A,N/A,N/A,N/A,N/A,N/A,N/A,N/A,N/A,N/A,30.13,24.37,2015,1220,N/A,N/A,N/A,N/A,N/A,N/A,N/A,N/A,N/A,N/A,N/A,N/A,N/A,N/A,N/A,N/A
ABEV,Ambev S.A.,Consumer Defensive,Beverages - Brewers,Brazil,USD,NYQ,https://www.ambev.com.br,2.21,34813689856,17944190976,14.733333,12.250555,N/A,0.3541667,0.422463,6.24,5.236,0.088,-0.114,0.28603,0.50983,0.23856,0.16922002,0.15,0.068,0.8315,4.06,1703203200,12533468160,26133768192,20939038720,1.331,3380272896,N/A,3.418,1.196,0.827,0.552,3.0,2.01,26594290,23952370,N/A,-0.20216608,0.00023,0.31755,2.54,5.0,2.0,3.0685,2.27273,10,0.086540006,0.15071,0.761,0.15,0.19,82406481920
ABG,"Asbury Automotive Group, Inc.",Consumer Cyclical,Auto & Truck Dealerships,United States,USD,NYQ,https://www.asburyauto.com,261.62,5124481536,10197163008,14.681257,9.583273,N/A,1.5240504,0.31065372,171.661,815.614,0.156,-0.222,0.06365,0.17409,0.054920003,0.02164,N/A,N/A,N/A,N/A,1217376000,-426500000,500200000,88700000,4.528,5099299840,N/A,151.657,1.197,0.213,1.165,277.13,195.09,216609,131130,N/A,0.24777031,0.0053100004,1.1474099,11.76,305.0,220.0,258.125,2.66667,8,0.06628,0.108,9.712,17.82,27.69,16495800320
ABL,"Abacus Life, Inc.",Financial Services,Insurance - Life,United States,USD,NCM,https://abacuslife.com,8.48,633276160,813435840,N/A,10.278788,N/A,2.4551244,6.183895,3.454,1.547,0.333,N/A,0.27231002,0.90904,0.23292999,-0.116459996,N/A,N/A,N/A,N/A,N/A,31597312,-131117952,22428670,0.3,182516832,N/A,70.76,1.291,1.204,0.148,13.25,5.85,85560,65318,N/A,0.38888884,0.83114,0.17919001,12.63,16.0,13.0,14.125,1.25,4,0.03358,-0.05789,29.17,-0.22,0.81,102407328
ABLLL,"Abacus Life, Inc. 9.875% Fixed Rate Senior Notes due 2028",N/A,N/A,N/A,USD,NGM,N/A,N/A,N/A,N/A,N/A,N/A,N/A,N/A,N/A,N/A,N/A,N/A,N/A,N/A,N/A,N/A,N/A,N/A,N/A,N/A,N/A,N/A,N/A,N/A,N/A,N/A,N/A,N/A,N/A,N/A,N/A,N/A,27.478,24.26,3353,2962,N/A,N/A,N/A,N/A,N/A,N/A,N/A,N/A,N/A,N/A,N/A,N/A,N/A,N/A,N/A,N/A
ABLLW,"Abacus Life, Inc.",N/A,N/A,N/A,USD,NCM,N/A,1.29,N/A,N/A,N/A,N/A,N/A,N/A,N/A,N/A,N/A,N/A,N/A,N/A,N/A,N/A,N/A,N/A,N/A,N/A,N/A,N/A,N/A,N/A,N/A,N/A,N/A,N/A,N/A,N/A,N/A,N/A,1.4,1.28,N/A,21139,N/A,N/A,N/A,N/A,N/A,N/A,N/A,N/A,N/A,N/A,N/A,N/A,N/A,N/A,N/A,N/A
ABLV,Able View Global Inc.,Communication Services,Advertising Agencies,China,USD,NCM,https://www.ableview.com,0.88,36852992,39384304,3.6666667,N/A,N/A,3.2472324,0.2473358,0.271,3.776,-0.203,0.001,0.090900004,0.24837999,0.0779,0.06544,N/A,N/A,N/A,N/A,N/A,16094051,23573330,13328156,0.316,15858496,N/A,138.92,3.101,1.823,2.873,3.94,0.67,15423,5809,N/A,-0.63692945,0.40058997,0.40183,1.08,N/A,N/A,N/A,N/A,N/A,0.15203,1.15065,2.908,0.24,N/A,148999824
ABLVW,Able View Global Inc.,Communication Services,Advertising Agencies,China,USD,NCM,https://www.ableview.com,0.0189,N/A,N/A,N/A,N/A,N/A,0.069741696,N/A,0.271,3.776,-0.203,0.001,0.090900004,0.24837999,0.0779,0.06544,N/A,N/A,N/A,N/A,N/A,16094051,23573330,13328156,0.316,15858496,N/A,138.92,3.101,1.823,2.873,0.0189,0.0189,N/A,300,N/A,N/A,N/A,N/A,N/A,N/A,N/A,N/A,N/A,N/A,0.15203,1.15065,N/A,N/A,N/A,148999824
ABM,ABM Industries Incorporated,Industrials,Specialty Business Services,United States,USD,NYQ,https://www.abm.com,55.58,3489940480,4947178496,22.966942,15.17116,N/A,1.9016664,0.42175016,29.227,129.802,0.033,-0.952,0.04476,0.13508001,0.017860001,0.01884,0.9,0.015800001,0.3698,1.86,1727913600,257587504,335500000,86300000,1.374,1459399936,N/A,79.531,1.383,1.253,1.132,59.78,39.64,507959,178090,N/A,0.35329926,0.01387,0.94958,2.63,63.0,55.0,57.5,N/A,6,0.03265,0.08438,13.356,2.42,3.66,8274899968
ABNY,N/A,N/A,N/A,N/A,USD,PCX,N/A,N/A,N/A,N/A,N/A,N/A,N/A,N/A,N/A,N/A,N/A,N/A,N/A,N/A,N/A,N/A,N/A,N/A,N/A,N/A,N/A,N/A,N/A,N/A,N/A,N/A,N/A,N/A,N/A,N/A,N/A,N/A,21.49,14.91,23150,18095,N/A,N/A,N/A,N/A,N/A,N/A,N/A,N/A,N/A,N/A,N/A,N/A,N/A,N/A,N/A,N/A
ABNB,"Airbnb, Inc.",Consumer Cyclical,Travel Services,United States,USD,NMS,https://www.airbnb.com,134.56,84069310464,75075272704,46.08219,30.65581,N/A,10.114251,7.755471,13.304,17.057,0.099,-0.678,0.15434,0.83072,0.40862998,0.16956,N/A,N/A,N/A,N/A,N/A,3363000064,4115000064,11253000192,18.011,2259000064,N/A,26.614,1.616,1.008,1.156,170.1,110.38,4306909,4729840,N/A,0.044121146,0.010199999,0.77792,4.72,195.0,85.0,137.2,2.84783,36,0.046630003,0.20873,44.875,2.92,4.5,10840000512
ABR,"Arbor Realty Trust, Inc.",Real Estate,REIT - Mortgage,United States,USD,NYQ,https://arbor.com,15.1,2847995904,13378104320,11.353383,9.597478,N/A,1.1866405,4.3791475,12.725,3.448,-0.096,-0.25,N/A,0.90897006,0.48544,0.45586,1.72,0.11229999,1.2932,10.53,1731628800,N/A,491998016,689452032,3.655,10414654464,N/A,329.226,4.289,4.116,2.014,16.35,11.77,2524606,2867321,N/A,0.20799994,0.02464,0.60389,27.28,16.5,13.0,14.54167,3.0,6,0.021389998,0.09948,N/A,1.33,1.53,650353984
ABOS,"Acumen Pharmaceuticals, Inc.",Healthcare,Biotechnology,United States,USD,NMS,https://acumenpharm.com,2.61,156808272,-18353162,N/A,-1.708663,N/A,0.72199166,N/A,3.615,N/A,N/A,N/A,N/A,N/A,N/A,N/A,N/A,N/A,N/A,N/A,N/A,-41690752,-67314000,200343008,3.335,29988000,N/A,13.807,10.426,10.06,0.039,5.09,2.08,188022,194105,N/A,0.10964918,0.11236,0.79517,7.19,15.0,6.0,10.8,1.16667,5,-0.20987,-0.32834998,0.198,-1.11,-1.53,N/A
ABSI,Absci Corporation,Healthcare,Biotechnology,United States,USD,NMS,https://www.absci.com,3.015,346290848,245568080,N/A,-4.130137,N/A,1.7101532,82.31301,1.763,0.04,1.286,N/A,N/A,N/A,-16.98707,N/A,N/A,N/A,N/A,N/A,N/A,-36257124,-70360000,127068000,1.106,11989000,N/A,5.955,5.626,4.817,2.187,6.72,1.33,936987,3283022,N/A,1.1655173,0.20087999,0.63466,15.79,13.0,6.0,8.28571,1.625,7,-0.27396,-0.4911,-2.737,-0.93,-0.71,4207000
ABTS,Abits Group Inc.,Financial Services,Capital Markets,Hong Kong,USD,NCM,https://www.abitsgroup.com,0.532,18915100,22719008,N/A,N/A,N/A,1.6782335,3.5395765,0.317,0.15,503.624,N/A,0.25571,0.33421,-0.09711,-1.70216,N/A,N/A,N/A,N/A,N/A,-3635987,2297204,396583,0.011,N/A,N/A,N/A,0.833,0.431,2.706,1.6,0.376,109209,208789,N/A,-0.2777778,0.21888,0.00389,2.92,N/A,N/A,N/A,N/A,N/A,-0.0777,-0.57313997,16.626,-0.26,N/A,5343888
ABT,Abbott Laboratories,Healthcare,Medical Devices,United States,USD,NYQ,https://www.abbott.com,115.03,199514931200,208235937792,34.963528,22.299334,N/A,5.013511,4.840598,22.944,23.682,0.049,0.146,0.26263002,0.55907,0.18749,0.13992,2.2,0.019,0.65650004,1.65,1728950400,6404874752,8728000512,7788000256,4.49,15045999616,N/A,37.589,1.597,0.996,0.722,121.64,98.95,4847423,3731774,N/A,0.1554997,0.0053100004,0.78156,2.83,149.0,104.0,129.65791,1.77778,24,0.06488,0.14840001,19.237,3.29,5.16,41216999424
ABUS,Arbutus Biopharma Corporation,Healthcare,Biotechnology,United States,USD,NMS,https://www.arbutusbio.com,3.63,687856000,566821824,N/A,-7.4081635,N/A,6.43617,102.02551,0.564,0.037,-0.713,N/A,N/A,N/A,-13.0478,N/A,N/A,N/A,N/A,N/A,N/A,-39811624,-71827000,127794000,0.674,6761000,N/A,6.325,7.017,6.854,1.916,4.72,1.77,1113170,1102671,N/A,0.95161295,0.22221,0.52729,8.08,9.746,5.569,7.0958,1.8,5,-0.32828,-0.67807996,-7.348,-0.43,-0.34,6742000
ABVC,"ABVC BioPharma, Inc.",Healthcare,Biotechnology,United States,USD,NCM,https://www.abvcpharma.com,0.551,6844412,8480267,N/A,-1.2522727,N/A,0.77170867,50.180447,0.714,0.017,18.175,N/A,N/A,-0.24114001,-8.33724,N/A,N/A,N/A,N/A,N/A,N/A,-3194481,-3325643,199979,0.017,2732942,N/A,34.911,0.334,0.032,0.816,2.45,0.405,137119,294804,N/A,-0.6548387,0.22928,0.03082,0.7,N/A,N/A,N/A,N/A,N/A,-0.44551,-3.20362,-0.997,-1.66,-0.44,136396
ABVE,Above Food Ingredients Inc.,Consumer Defensive,Packaged Foods,Canada,USD,NGM,https://abovefood.com,0.4599,13107150,130028624,N/A,N/A,N/A,N/A,0.035576325,-0.593,4.753,-0.234,N/A,-0.0998,-0.0173,-0.16506,-0.1447,N/A,N/A,N/A,N/A,N/A,15617327,7148748,952280,0.033,117527728,N/A,N/A,0.445,0.162,-0.009,4.07,0.34,75320,541437,N/A,-0.87345845,0.19123,0.01629,0.36,N/A,N/A,N/A,N/A,N/A,-0.15508,N/A,-3.536,-1.48,N/A,368423392
ABVX,ABIVAX Société Anonyme,Healthcare,Biotechnology,France,USD,NGM,https://www.abivax.com,9.96,626660288,531584704,N/A,-3.4694767,N/A,4.955224,69.38991,2.01,0.16,2.019,N/A,N/A,1.0,-11.78839,N/A,N/A,N/A,N/A,N/A,N/A,-89297752,-154706000,222316992,3.533,113362000,N/A,89.635,3.039,2.985,1.423,17.02,8.75,112460,127649,N/A,-0.07706255,N/A,0.43924,1.14,50.0,16.0,36.42857,N/A,7,-0.46692002,-1.71459,-3.129,-3.64,-3.02,9031000
ABVEW,Above Food Ingredients Inc.,Consumer Defensive,Packaged Foods,Canada,USD,NGM,https://abovefood.com,0.0175,N/A,N/A,N/A,N/A,N/A,N/A,N/A,-0.593,4.753,-0.234,N/A,-0.0998,-0.0173,-0.16506,-0.1447,N/A,N/A,N/A,N/A,N/A,15617327,7148748,952280,0.033,117527728,N/A,N/A,0.445,0.162,-0.009,0.0183,0.0151,N/A,34043,N/A,N/A,N/A,N/A,N/A,N/A,N/A,N/A,N/A,N/A,-0.15508,N/A,N/A,N/A,N/A,368423392
AC,"Associated Capital Group, Inc.",Financial Services,Asset Management,United States,USD,NYQ,https://www.associated-capital-group.com,36.97,785523776,405038240,14.110688,14.274132,N/A,0.8809513,57.518032,41.966,0.637,0.098,N/A,-1.46584,-0.30234,-2.8637702,4.12902,0.2,0.0055,0.0763,0.54,1733356800,N/A,N/A,376696992,17.706,N/A,N/A,N/A,6.764,6.764,N/A,43.848,28.58,6733,4322,N/A,0.093553185,0.02286,0.66871,0.66,N/A,N/A,N/A,N/A,N/A,-0.01338,0.06266,-20.233,2.62,2.59,13657000
ACA,"Arcosa, Inc.",Industrials,Engineering & Construction,United States,USD,NYQ,https://www.arcosa.com,103.67,5056690688,5546592256,39.418247,23.450348,N/A,2.0784297,2.034149,49.879,51.177,0.082,-0.528,0.15556,0.19844,0.1029,0.05169,0.2,0.0019,0.076,0.35,1728950400,132637504,316000000,756800000,15.516,1270599936,N/A,52.2,3.608,2.668,0.71,107.785,72.7,248252,251318,N/A,0.39206696,0.01298,0.91321,3.01,117.0,105.0,109.66667,1.16667,6,0.03368,0.054109998,14.343,2.63,4.42,2485900032
ACAB,Atlantic Coastal Acquisition Corp. II,Financial Services,Shell Companies,United States,USD,NGM,https://atlantic-coastal.com,5.77,46398128,49274120,N/A,N/A,N/A,N/A,N/A,-2.13,N/A,N/A,N/A,N/A,N/A,N/A,N/A,N/A,N/A,N/A,N/A,N/A,-2690839,-4145984,236779,0.029,2385051,N/A,N/A,0.038,0.032,0.014,13.0,5.75,12214,156199,N/A,-0.4556604,0.92647004,0.072069995,0.78,N/A,N/A,N/A,N/A,N/A,-0.060500003,N/A,N/A,-0.13,N/A,N/A
ACABU,Atlantic Coastal Acquisition Corp. II,Financial Services,Shell Companies,United States,USD,NGM,https://atlantic-coastal.com,8.05,N/A,67895768,N/A,N/A,N/A,N/A,N/A,-2.13,N/A,N/A,N/A,N/A,N/A,N/A,N/A,N/A,N/A,N/A,N/A,N/A,-2690839,-4145984,236779,0.029,2385051,N/A,N/A,0.038,0.032,0.014,12.54,8.05,43,1117,N/A,-0.23551756,N/A,1.0000001e-05,0.14,N/A,N/A,N/A,N/A,N/A,-0.060500003,N/A,N/A,N/A,N/A,N/A
ACAD,ACADIA Pharmaceuticals Inc.,Healthcare,Biotechnology,United States,USD,NMS,https://www.acadia.com,17.02,2831991808,2316029952,22.394737,21.86312,N/A,4.904899,3.0476563,3.47,5.622,0.183,N/A,0.13403,0.62637,0.12637,0.13829,N/A,N/A,N/A,N/A,N/A,221724880,202727008,565329984,3.398,49370000,N/A,8.554,2.292,1.965,0.379,32.59,14.15,1339646,1066730,N/A,-0.25481611,0.00535,0.99315,8.43,39.0,11.0,25.0,2.05,19,0.08717,0.27361,18.597,0.76,0.82,929235968
ACABW,Atlantic Coastal Acquisition Corp. II,Financial Services,Shell Companies,United States,USD,NGM,https://atlantic-coastal.com,0.06,N/A,N/A,N/A,N/A,N/A,N/A,N/A,-2.13,N/A,N/A,N/A,N/A,N/A,N/A,N/A,N/A,N/A,N/A,N/A,N/A,-2690839,-4145984,236779,0.029,2385051,N/A,N/A,0.038,0.032,0.014,0.065,0.0441,N/A,199339,N/A,N/A,N/A,N/A,N/A,N/A,N/A,N/A,N/A,N/A,-0.060500003,N/A,N/A,N/A,N/A,N/A
ACB,Aurora Cannabis Inc.,Healthcare,Drug Manufacturers - Specialty & Generic,Canada,USD,NCM,https://www.auroramj.com,4.34,239218640,237380026368,N/A,31.000002,N/A,434.00003,0.8054852,0.01,0.033,0.285,N/A,0.03471,0.53117,-0.01727,-0.14708,N/A,N/A,N/A,N/A,N/A,-84084000,-42905000,84921000,0.002,100970000,N/A,17.32,3.829,1.146,2.697,9.35,2.84,1004487,987198,N/A,-0.017316043,N/A,0.13096,3.77,N/A,N/A,N/A,2.6,N/A,-0.01244,-0.05789,23028.719,-0.46,-0.11,296987008
ACCD,"Accolade, Inc.",Healthcare,Health Information Services,United States,USD,NMS,https://www.accolade.com,3.6,289933568,300834464,N/A,-30.508474,N/A,0.6838906,0.657404,5.264,5.706,0.098,N/A,-0.12158,0.48238,-0.2364,-0.18160999,N/A,N/A,N/A,N/A,N/A,33368876,8180000,234350000,2.91,238808000,N/A,56.446,2.72,2.569,2.016,15.36,3.08,1201952,1202173,N/A,-0.5434243,0.030739998,0.79655,2.91,9.5,5.0,7.08385,1.73333,13,-0.07271,-0.18611999,-5.611,-1.02,-0.84,441028000
ACCO,ACCO Brands Corporation,Industrials,Business Equipment & Supplies,United States,USD,NYQ,https://www.accobrands.com,6.03,560072448,1480177536,N/A,5.336283,N/A,0.9150228,0.32816103,6.59,17.769,-0.06,-0.4,0.11806,0.33391997,0.07745,-0.106400006,0.3,0.0481,0.5172,4.43,1731628800,187675008,153500000,102000000,1.098,1002600000,N/A,162.892,1.595,0.859,1.615,6.62,4.37,594656,542409,N/A,0.13133204,0.03358,0.87651,4.12,13.0,7.0,10.66667,1.5,3,0.03546,-0.24988002,7.346,-1.9,1.15,1706700032
ACDC,ProFrac Holding Corp.,Energy,Oil & Gas Equipment & Services,United States,USD,NMS,https://www.pfholdingscorp.com,6.71,1074586368,2531127808,N/A,-89.46667,N/A,0.9758581,0.48289508,6.876,13.921,0.002,N/A,0.23161,0.34512,0.01165,-0.09347,N/A,N/A,N/A,N/A,N/A,160675008,333500000,25500000,0.159,1306099968,N/A,106.23,0.952,0.555,0.846,9.75,5.16,774790,866846,N/A,-0.16745842,0.89737,0.11023,10.91,9.0,7.0,7.5,3.0,5,0.01549,-0.15637,4.911,-1.46,-0.24,2225299968
ACES,ALPS Clean Energy ETF,N/A,N/A,N/A,USD,PCX,N/A,N/A,N/A,N/A,10.158362,N/A,N/A,N/A,N/A,N/A,N/A,N/A,N/A,N/A,N/A,N/A,N/A,N/A,N/A,N/A,N/A,N/A,N/A,N/A,N/A,N/A,N/A,N/A,N/A,N/A,N/A,N/A,36.925,25.55,94128,61308,N/A,N/A,N/A,N/A,N/A,N/A,N/A,N/A,N/A,N/A,N/A,N/A,N/A,N/A,N/A,N/A
ACEL,"Accel Entertainment, Inc.",Consumer Cyclical,Gambling,United States,USD,NYQ,https://www.accelentertainment.com,11.77,969183104,1281124096,23.078432,13.706287,N/A,4.6929827,0.80063033,2.508,14.41,0.051,-0.508,0.14588,0.30148,0.072280005,0.03543,N/A,N/A,N/A,N/A,N/A,62287000,148188000,272188000,3.306,560249984,N/A,271.02,2.709,2.346,1.476,12.61,9.37,191026,139494,N/A,0.1518625,0.18099001,0.72334,7.83,15.0,14.0,14.66667,1.0,3,0.07842,0.21152,7.255,0.51,0.86,1210525056
ACET,"Adicet Bio, Inc.",Healthcare,Biotechnology,United States,USD,NGM,https://www.adicetbio.com,1.05,86521048,-97815752,N/A,-0.8050356,N/A,0.26697177,N/A,3.933,N/A,N/A,N/A,N/A,N/A,N/A,N/A,N/A,N/A,N/A,N/A,N/A,-55261000,-90995000,224068992,2.719,19132000,N/A,8.137,12.754,12.515,1.698,3.77,1.03,440087,937774,N/A,-0.050000012,0.01591,0.76435995,7.04,8.0,4.0,6.4,1.57143,5,-0.29298002,-0.57908,0.805,-1.57,-1.33,N/A
ACGL,Arch Capital Group Ltd.,Financial Services,Insurance - Diversified,Bermuda,USD,NMS,https://www.archgroup.com,100.05,37643010048,37043892224,6.7147655,11.09026,N/A,1.7480868,2.2317548,57.234,45.387,0.418,0.362,0.30663002,0.3977,0.24947001,0.33859003,N/A,N/A,N/A,N/A,1731888000,6641249792,6765000192,4426999808,11.814,2727000064,N/A,12.243,0.603,0.321,0.613,116.47,72.85,1704926,1614952,N/A,0.19677031,0.02991,0.90014,2.4,143.0,104.0,122.13333,1.86667,15,0.04861,0.30441,7.162,14.9,9.04,16867000320
ACGLN,Arch Capital Group Ltd.,Financial Services,Insurance - Diversified,Bermuda,USD,NMS,https://www.archgroup.com,20.1,N/A,6661817344,4.284801,N/A,N/A,0.35118985,N/A,57.234,45.387,0.418,0.362,0.30663002,0.3977,0.24947001,0.33859003,1.14,0.056700002,N/A,N/A,1726185600,6641249792,6765000192,4426999808,11.814,2727000064,N/A,12.243,0.603,0.321,0.613,21.213,18.85,37419,79768,N/A,0.06349206,N/A,N/A,0.88,N/A,N/A,N/A,N/A,N/A,0.04861,0.30441,1.288,4.691,N/A,16867000320
ACGLO,Arch Capital Group Ltd.,Financial Services,Insurance - Diversified,Bermuda,USD,NMS,https://www.archgroup.com,22.88,13341076480,7778474496,4.8774247,N/A,N/A,0.39976236,0.7909573,57.234,45.387,0.418,0.362,0.30663002,0.3977,0.24947001,0.33859003,1.36,0.059,N/A,5.68,1726185600,6641249792,6765000192,4426999808,11.814,2727000064,N/A,12.243,0.603,0.321,0.613,24.5,21.99,19649,11723,N/A,0.02486682,N/A,0.33376,0.56,N/A,N/A,N/A,N/A,N/A,0.04861,0.30441,1.504,4.691,N/A,16867000320
ACHC,"Acadia Healthcare Company, Inc.",Healthcare,Medical Care Facilities,United States,USD,NMS,https://www.acadiahealthcare.com,39.36,3699623424,5698555392,13.076412,10.657713,N/A,1.1913555,1.1848179,33.038,34.13,0.087,N/A,0.22075,0.43103,0.18047,0.089899994,N/A,N/A,N/A,N/A,N/A,-434516992,129296000,82145000,0.884,2010211968,N/A,63.897,1.07,0.937,1.334,87.77,39.27,1511867,1139162,N/A,-0.45867145,0.029660001,1.07456,2.95,94.0,45.0,66.58333,1.76923,12,0.06061,0.09762,8.267,3.01,3.67,3122524928
ACHL,Achilles Therapeutics plc,Healthcare,Biotechnology,United Kingdom,USD,NMS,https://www.achillestx.com,1.07,45693604,-48738340,N/A,-0.57219255,N/A,0.38078293,N/A,2.81,N/A,N/A,N/A,N/A,N/A,N/A,N/A,N/A,N/A,N/A,N/A,N/A,-30137000,-48000000,95111000,2.315,4463000,N/A,3.865,8.242,7.937,1.344,1.76,0.63,660768,965260,N/A,0.25925922,0.06515,0.62385,1.69,6.0,2.0,4.0,N/A,2,-0.26819,-0.44219002,0.74,-1.59,-1.87,N/A
ACHV,"Achieve Life Sciences, Inc.",Healthcare,Biotechnology,Canada,USD,NCM,https://www.achievelifesciences.com,4.39,150971664,122720456,N/A,-3.671459,N/A,4.8135962,N/A,0.912,N/A,N/A,N/A,N/A,N/A,N/A,N/A,N/A,N/A,N/A,N/A,N/A,-14935875,-24945000,42911000,1.248,9845000,N/A,31.375,6.779,6.389,1.583,5.98,3.03,103692,155658,N/A,-0.1716981,0.09724,0.61029,33.44,30.0,10.0,16.44444,1.125,9,-0.54089,-1.86035,-3.954,-1.12,-1.15,N/A
ACHR,Archer Aviation Inc.,Industrials,Aerospace & Defense,United States,USD,NYQ,https://www.archer.com,4.29,1845497856,1396967040,N/A,-5.127592,N/A,3.896458,N/A,1.101,N/A,N/A,N/A,N/A,N/A,N/A,N/A,N/A,N/A,N/A,N/A,N/A,-295375008,-348200000,501700000,1.18,78500000,N/A,16.784,6.032,5.787,2.295,7.015,2.821,13486406,15389990,N/A,-0.32278478,0.24955,0.33361998,4.84,12.5,4.5,9.0625,1.625,8,-0.51717,-1.07618,-2.896,-1.31,-0.99,N/A
ACIC,American Coastal Insurance Corporation,Financial Services,Insurance - Property & Casualty,United States,USD,NCM,https://www.amcoastal.com,12.85,619434240,560201344,7.1388893,8.566667,N/A,1.73274,2.1302211,7.416,6.188,-0.235,N/A,0.43605,0.56001,-0.1003,0.29251,N/A,N/A,N/A,5.5,1646697600,166026128,290792992,188275008,4.357,159190000,N/A,46.73,0.972,0.311,-0.275,14.38,7.9,263423,346802,N/A,0.58251226,0.50034,0.25158,2.49,16.0,16.0,16.0,2.0,1,0.064109996,0.44618,4.418,1.8,1.5,290784000
ACI,"Albertsons Companies, Inc.",Consumer Defensive,Grocery Stores,United States,USD,NYQ,https://www.albertsonscompanies.com,19.1,11065546752,24971149312,11.169591,8.4233,N/A,3.6632144,0.13881613,5.214,137.961,0.014,-0.457,0.04847,0.28423,0.02273,0.012519999,0.48,0.0251,0.2807,N/A,1730073600,1525575040,2685700096,297200000,0.513,14202800128,N/A,470.245,0.895,0.161,0.331,23.47,17.795,3438636,2252876,N/A,-0.090909064,0.14939,0.73627,3.38,27.25,18.0,24.16071,2.38889,14,0.05053,0.38118,6.463,1.71,2.27,79713697792
ACIO,Aptus Collared Investment Opportunity ETF,N/A,N/A,N/A,USD,BTS,N/A,N/A,N/A,N/A,29.244925,N/A,N/A,N/A,N/A,N/A,N/A,N/A,N/A,N/A,N/A,N/A,N/A,N/A,N/A,N/A,N/A,N/A,N/A,N/A,N/A,N/A,N/A,N/A,N/A,N/A,N/A,N/A,41.19,31.5,166532,143523,N/A,N/A,N/A,N/A,N/A,N/A,N/A,N/A,N/A,N/A,N/A,N/A,N/A,N/A,N/A,N/A
ACIU,AC Immune SA,Healthcare,Biotechnology,Switzerland,USD,NGM,https://www.acimmune.com,3.55,351248000,157689376,N/A,-117.04582,N/A,2.7223926,8.57267,1.304,0.425,N/A,N/A,-0.87272,-0.49925998,0.28523,-0.97291,N/A,N/A,N/A,N/A,N/A,49502248,43717000,157895008,1.581,3083000,N/A,2.369,1.858,1.823,1.277,5.14,2.25,92693,755477,N/A,0.012944937,0.21835,0.29027,12.24,13.816,6.785,8.82025,1.25,4,-0.12041,-0.31164,-4.41,-0.45,-0.25,40973000
ACIW,"ACI Worldwide, Inc.",Technology,Software - Infrastructure,United States,USD,NMS,https://www.aciworldwide.com,55.0,5768894976,6803211264,26.066353,21.568628,N/A,4.3378816,3.5658603,12.679,15.203,0.244,1.207,0.26048002,0.52196,0.28375,0.14042,N/A,N/A,N/A,N/A,N/A,283791616,318008992,177860000,1.696,1034934016,N/A,77.836,1.557,0.864,1.194,59.6,24.76,692943,521595,N/A,1.1375825,0.00887,0.98218,3.78,68.0,60.0,64.2,2.0,5,0.07356,0.17883,16.144,2.11,2.03,1617812992
ACLS,"Axcelis Technologies, Inc.",Technology,Semiconductor Equipment & Materials,United States,USD,NMS,https://www.axcelis.com,78.85,2563106048,2086557184,11.664201,15.226916,N/A,2.62702,2.3826532,30.015,32.975,-0.122,-0.251,0.22760001,0.44279,0.18285,0.20646,N/A,N/A,N/A,N/A,N/A,164246624,193612992,579406976,17.825,74577000,N/A,7.644,4.448,3.024,1.599,158.61,78.61,613839,539701,N/A,-0.40274203,0.01196,0.97611,7.6,125.0,100.0,115.0,1.85714,4,0.11581001,0.25002,8.522,6.76,5.41,1075736064
ACLX,"Arcellx, Inc.",Healthcare,Biotechnology,United States,USD,NMS,https://www.arcellx.com,95.08,5141422592,4906115584,N/A,-42.35944,N/A,10.628214,32.996334,8.946,2.982,0.74,N/A,-0.41907,0.95264,-1.29143,-0.25942,N/A,N/A,N/A,N/A,N/A,37498500,20811000,574254016,10.62,65332000,N/A,13.526,4.286,4.216,0.265,107.37,46.42,529615,480336,N/A,0.8138019,0.12621,0.96052,8.11,134.0,73.0,111.8125,1.31579,16,-0.06292,-0.10792,-75.133,-0.71,-2.25,155818000
ACM,AECOM,Industrials,Engineering & Construction,United States,USD,NYQ,https://aecom.com,107.2,14371982336,16066568192,41.55039,21.35807,N/A,6.3297114,0.9074717,16.936,116.019,0.133,N/A,0.06736,0.06582,0.060450003,0.01611,0.88,0.0078,0.31,N/A,1727827200,688704128,813899008,1660112000,12.383,3154374912,N/A,126.242,1.132,0.996,1.168,115.74,82.23,760390,1677277,N/A,0.23246717,0.00448,0.89466006,3.01,128.0,93.0,111.66667,1.4,9,0.04756,0.16784,15.061,2.58,4.99,15837388800
ACMR,"ACM Research, Inc.",Technology,Semiconductor Equipment & Materials,United States,USD,NGM,https://www.acmrcsh.com,18.73,1164251136,1156023552,13.977612,9.72987,N/A,1.3190141,1.5971224,14.2,11.812,0.21,0.18,0.1916,0.4936,0.21661,0.1238,N/A,N/A,N/A,N/A,N/A,-99388128,25502000,374127008,5.974,176214000,N/A,16.483,2.369,1.316,1.537,34.4,13.94,1305404,850165,N/A,0.051470637,0.14895001,0.61111,2.72,38.0,25.0,32.125,1.5,8,0.05086,0.118590005,8.277,1.34,1.95,728968000
ACN,Accenture plc,Technology,Information Technology Services,Ireland,USD,NYQ,https://www.accenture.com,362.07,226241609728,226231762944,32.35657,25.747824,N/A,8.002962,3.4861932,45.242,103.363,0.026,0.236,0.17052001,0.32609,0.14597,0.111940004,5.92,0.016,0.45099998,1.35,1728518400,7641968128,9131027456,5009865216,8.018,4120549120,N/A,14.127,1.099,0.984,1.245,387.51,278.69,2338004,3480959,N/A,0.104444385,0.00067000004,0.72407997,2.49,445.0,307.0,380.01385,2.0,26,0.11627,0.26674998,20.444,11.19,14.07,64896462848
ACNB,ACNB Corporation,Financial Services,Banks - Regional,United States,USD,NCM,https://www.acnb.com,47.5,406059456,644109056,13.808139,12.32166,N/A,1.3237097,3.8163123,35.884,12.525,-0.011,-0.208,N/A,N/A,0.40557998,0.27582002,1.28,0.0269,0.36049998,3.38,1732838400,N/A,42687000,58092000,6.795,295200992,N/A,N/A,N/A,N/A,0.595,50.72,30.24,17335,26762,N/A,0.22202218,0.04237,0.35797,16.98,53.0,37.0,45.0,2.0,2,0.012200001,0.104370005,N/A,3.44,3.85,106401000
ACNT,Ascent Industries Co.,Basic Materials,Steel,United States,USD,NGM,https://www.ascentco.com,9.62,97399616,124447024,N/A,12.025,N/A,0.9041353,0.5343876,10.64,18.018,-0.003,N/A,-0.0547,0.050619997,-0.00391,-0.07249,N/A,N/A,N/A,2.32,1543449600,46741752,7435000,3595000,0.355,32667000,N/A,32.33,3.163,1.256,0.794,11.19,7.2,55721,59263,N/A,0.16464889,0.23431,0.31316,0.29,N/A,N/A,N/A,N/A,N/A,-0.056209996,-0.24615,-12.482,-2.61,0.8,182264000
ACON,"Aclarion, Inc.",Healthcare,Health Information Services,United States,USD,NCM,https://www.aclarion.com,0.1699,1722938,1052656,N/A,-0.23273972,N/A,0.8495,31.937605,0.2,0.015,-0.357,N/A,N/A,-0.51526,-103.50571,N/A,N/A,N/A,N/A,N/A,N/A,-3944406,-4979390,1222687,0.142,777087,N/A,47.321,1.28,0.859,0.396,7.392,0.16,585242,254432,N/A,-0.9604545,0.10047,0.0304,0.77,1.5,1.0,1.25,N/A,2,-1.15333,-7.14178,-0.233,-4.13,-0.54,53947
ACONW,"Aclarion, Inc.",Healthcare,Health Information Services,United States,USD,NCM,https://www.aclarion.com,0.036,N/A,N/A,N/A,N/A,N/A,0.17999999,N/A,0.2,0.015,-0.357,N/A,N/A,-0.51526,-103.50571,N/A,N/A,N/A,N/A,N/A,N/A,-3944406,-4979390,1222687,0.142,777087,N/A,47.321,1.28,0.859,0.396,0.036,0.034,N/A,8000,N/A,N/A,N/A,N/A,N/A,N/A,N/A,N/A,N/A,N/A,-1.15333,-7.14178,N/A,-6.576,N/A,53947
ACRE,Ares Commercial Real Estate Corporation,Real Estate,REIT - Mortgage,United States,USD,NYQ,https://www.arescre.com,6.99,381249952,1662343936,N/A,24.788113,N/A,0.6753623,9.67075,10.35,0.725,-0.555,N/A,N/A,1.0,-0.01273,-1.6168699,1.0,0.14039999,22.666698,12.36,1735603200,N/A,38564000,68881000,1.264,1343334016,N/A,238.284,90.06,89.143,1.503,11.24,6.25,445484,437712,N/A,-0.288,0.06905,0.46118,3.84,7.0,7.0,7.0,3.375,5,-0.02962,-0.10226,N/A,-1.18,0.34,39423000
ACR,ACRES Commercial Realty Corp.,Real Estate,REIT - Mortgage,United States,USD,NYQ,https://www.acresreit.com,16.14,127073928,1590701312,19.682926,8.192893,N/A,0.2668739,1.6409975,60.478,9.882,0.028,0.091,N/A,0.46220002,0.23039,0.3395,N/A,N/A,N/A,10.87,1577664000,N/A,28013000,70074000,9.784,1533968000,N/A,343.253,63.479,56.607,2.051,16.93,7.31,17504,8817,N/A,1.0825806,0.17018,0.35656,2.37,20.0,18.0,19.0,2.0,2,0.01208,0.05766,N/A,0.82,1.9,77437000
ACP,Abrdn Income Credit Strategies Fund,Financial Services,Asset Management,United Kingdom,USD,NYQ,https://www.aberdeenacp.com/,6.49,338193888,482278208,7.0543475,N/A,N/A,0.96779,7.779401,6.706,0.834,0.322,0.727,N/A,1.0,0.84865,1.0924801,1.2,0.1849,1.3043,15.25,1732147200,25060956,213365072,915383,0.018,105000000,N/A,26.962,0.132,0.101,1.003,7.05,6.05,623982,418370,N/A,0.038400054,N/A,0.27978,0.31,N/A,N/A,N/A,N/A,N/A,0.04284,0.119370006,N/A,0.92,N/A,43473000
ACRS,"Aclaris Therapeutics, Inc.",Healthcare,Diagnostics & Research,United States,USD,NMS,https://www.aclaristx.com,2.18,155719360,30242454,N/A,-3.8111887,N/A,1.1964874,5.750558,1.822,0.381,-0.532,N/A,-2.29706,-2.8403602,-2.22526,-1.3665199,N/A,N/A,N/A,N/A,N/A,-22053376,-17898000,127722000,1.788,2245000,N/A,1.725,7.033,6.806,0.116,2.72,0.77,547917,1157568,N/A,1.557652,0.026589999,0.78329,3.56,3.0,2.0,2.5,3.0,4,-0.19393,-0.25833,-0.486,-0.47,-0.58,27079000
ACRV,"Acrivon Therapeutics, Inc.",Healthcare,Biotechnology,United States,USD,NGM,https://www.acrivon.com,7.92,245299824,83540448,N/A,-2.7364225,N/A,1.4718454,N/A,5.381,N/A,N/A,N/A,N/A,N/A,N/A,N/A,N/A,N/A,N/A,N/A,N/A,-31308376,-53158000,180536992,5.829,4221000,N/A,1.954,16.161,15.999,N/A,11.9,3.19,88882,37563,N/A,1.0385604,0.22387,0.75978,15.38,30.0,16.0,21.55556,1.5,9,-0.24414,-0.37784,-1.106,-2.72,-2.7,N/A
ACT,"Enact Holdings, Inc.",Financial Services,Insurance - Specialty,United States,USD,NMS,https://enactmi.com,34.14,5243528192,5335904768,7.9580417,7.842579,N/A,1.0469823,4.3835316,32.608,7.58,0.035,0.127,N/A,0.78363,0.78361,0.57068,0.74,0.0216,0.1608,N/A,1731888000,561875264,710188032,674913024,4.394,742705984,N/A,14.747,1.218,1.146,0.569,37.42,26.13,375990,271983,N/A,0.2454611,0.81451,0.19729,3.29,42.0,35.5,38.7,2.4,5,0.09300999,0.14380999,N/A,4.29,4.2,1196188032
ACSI,American Customer Satisfaction ETF,N/A,N/A,N/A,USD,BTS,N/A,N/A,N/A,N/A,28.206585,N/A,N/A,N/A,N/A,N/A,N/A,N/A,N/A,N/A,N/A,N/A,N/A,N/A,N/A,N/A,N/A,N/A,N/A,N/A,N/A,N/A,N/A,N/A,N/A,N/A,N/A,N/A,61.167,47.304,225,298,N/A,N/A,N/A,N/A,N/A,N/A,N/A,N/A,N/A,N/A,N/A,N/A,N/A,N/A,N/A,N/A
ACTG,Acacia Research Corporation,Industrials,Business Equipment & Supplies,United States,USD,NMS,https://www.acaciaresearch.com,4.37,438638752,119510792,5.8266664,-23.0,N/A,0.799634,2.6459246,5.465,1.659,1.312,N/A,0.4034,0.53863,-0.44067,0.31444,N/A,N/A,N/A,N/A,1446595200,-111746376,65840000,410900000,4.22,72366000,N/A,12.508,16.392,15.102,0.526,5.74,3.58,289226,300485,N/A,0.16844916,0.018099999,0.89454,5.25,7.0,7.0,7.0,1.0,1,0.040370002,0.10132,1.787,0.75,-0.21,165779008
ACTU,"Actuate Therapeutics, Inc. Common stock",Healthcare,Biotechnology,United States,USD,NGM,https://actuatetherapeutics.com,8.55,166995184,269178400,N/A,N/A,N/A,N/A,N/A,-67.577,N/A,N/A,N/A,N/A,N/A,N/A,N/A,N/A,N/A,N/A,N/A,N/A,N/A,-19071316,351709,0.018,6900000,N/A,N/A,0.027,0.018,N/A,10.162,5.51,44531,48542,N/A,-0.005807221,0.18686001,0.52149,0.49,N/A,N/A,N/A,N/A,N/A,N/A,N/A,N/A,-1.51,N/A,N/A
ACTV,LeaderShares Activist Leaders ETF,N/A,N/A,N/A,USD,PCX,N/A,N/A,N/A,N/A,17.82632,N/A,N/A,N/A,N/A,N/A,N/A,N/A,N/A,N/A,N/A,N/A,N/A,N/A,N/A,N/A,N/A,N/A,N/A,N/A,N/A,N/A,N/A,N/A,N/A,N/A,N/A,N/A,35.205,29.48,7346,4958,N/A,N/A,N/A,N/A,N/A,N/A,N/A,N/A,N/A,N/A,N/A,N/A,N/A,N/A,N/A,N/A
ACU,Acme United Corporation,Consumer Defensive,Household & Personal Products,United States,USD,ASE,https://www.acmeunited.com,42.51,159049040,189980992,8.401186,25.763636,N/A,1.4898015,0.8349516,28.534,51.931,-0.044,-0.069,0.10353,0.39367,0.060749996,0.10248,0.6,0.014099999,0.118599996,1.75,1728000000,N/A,N/A,5702000,1.53,37328000,N/A,35.11,4.411,1.655,0.662,50.99,32.85,15195,13023,N/A,0.13390243,0.12761,0.79953,3.04,58.0,58.0,58.0,N/A,1,0.0542,0.20312001,9.633,5.06,2.24,190488944
ACV,Virtus Diversified Income & Convertible Fund,Financial Services,Asset Management,United States,USD,NYQ,N/A,21.81,226256928,N/A,12.116667,N/A,N/A,N/A,N/A,N/A,N/A,N/A,N/A,N/A,N/A,N/A,N/A,2.16,0.1233,N/A,13.64,1699574400,N/A,N/A,N/A,N/A,N/A,N/A,N/A,N/A,N/A,N/A,24.5,18.96,32017,25407,N/A,0.1602732,0.00041,0.21628,0.75,N/A,N/A,N/A,N/A,N/A,N/A,N/A,N/A,1.8,N/A,N/A
ACVA,ACV Auctions Inc.,Consumer Cyclical,Auto & Truck Dealerships,United States,USD,NMS,https://www.acvauto.com,20.02,3356152832,3283431936,N/A,52.22518,N/A,7.3306484,5.6309495,2.731,3.644,0.44,N/A,-0.0942,0.25459,-0.09879,-0.12886,N/A,N/A,N/A,N/A,N/A,2900000,42120000,287752000,1.716,156358000,N/A,34.273,1.514,1.474,1.583,21.305,12.84,1367407,1702769,N/A,0.3074454,0.0127,1.0033699,9.4,28.0,18.0,24.07692,1.85714,13,-0.04977,-0.16636999,-58.481,-0.47,-0.13,596019008
ACVF,American Conservative Values ETF,N/A,N/A,N/A,USD,PCX,N/A,N/A,N/A,N/A,31.241482,N/A,N/A,N/A,N/A,N/A,N/A,N/A,N/A,N/A,N/A,N/A,N/A,N/A,N/A,N/A,N/A,N/A,N/A,N/A,N/A,N/A,N/A,N/A,N/A,N/A,N/A,N/A,45.96,34.4,7550,4639,N/A,N/A,N/A,N/A,N/A,N/A,N/A,N/A,N/A,N/A,N/A,N/A,N/A,N/A,N/A,N/A
ACWI,iShares MSCI ACWI ETF,N/A,N/A,N/A,USD,NGM,N/A,N/A,N/A,N/A,21.802896,N/A,N/A,N/A,N/A,N/A,N/A,N/A,N/A,N/A,N/A,N/A,N/A,N/A,N/A,N/A,N/A,N/A,N/A,N/A,N/A,N/A,N/A,N/A,N/A,N/A,N/A,N/A,121.86,96.61,1916756,1081927,N/A,N/A,N/A,N/A,N/A,N/A,N/A,N/A,N/A,N/A,N/A,N/A,N/A,N/A,N/A,N/A
ACWV,iShares MSCI Global Min Vol Factor ETF,N/A,N/A,N/A,USD,BTS,N/A,N/A,N/A,N/A,18.68601,N/A,N/A,N/A,N/A,N/A,N/A,N/A,N/A,N/A,N/A,N/A,N/A,N/A,N/A,N/A,N/A,N/A,N/A,N/A,N/A,N/A,N/A,N/A,N/A,N/A,N/A,N/A,115.59,97.29,126895,72052,N/A,N/A,N/A,N/A,N/A,N/A,N/A,N/A,N/A,N/A,N/A,N/A,N/A,N/A,N/A,N/A
ACXP,"Acurx Pharmaceuticals, Inc.",Healthcare,Biotechnology,United States,USD,NCM,https://www.acurxpharma.com,1.77,28753826,23692576,N/A,-0.8592233,N/A,5.479876,N/A,0.323,N/A,N/A,N/A,N/A,N/A,N/A,N/A,N/A,N/A,N/A,N/A,N/A,-5961016,-12234498,6360858,0.392,N/A,N/A,N/A,2.087,2.034,-1.722,5.28,1.52,46958,47474,N/A,-0.50810814,0.14802,0.11964,12.59,12.0,10.0,11.25667,2.0,3,-1.3221699,-3.46942,N/A,-1.16,-1.55,N/A
ACWX,iShares MSCI ACWI ex U.S. ETF,N/A,N/A,N/A,USD,NGM,N/A,N/A,N/A,N/A,14.058963,N/A,N/A,N/A,N/A,N/A,N/A,N/A,N/A,N/A,N/A,N/A,N/A,N/A,N/A,N/A,N/A,N/A,N/A,N/A,N/A,N/A,N/A,N/A,N/A,N/A,N/A,N/A,57.96,48.68,755144,942172,N/A,N/A,N/A,N/A,N/A,N/A,N/A,N/A,N/A,N/A,N/A,N/A,N/A,N/A,N/A,N/A
ADAG,Adagene Inc.,Healthcare,Biotechnology,China,USD,NGM,https://www.adagene.com,2.32,104921768,53502016,N/A,-2.8641975,N/A,1.8153365,128.62064,1.278,0.019,N/A,N/A,N/A,1.0,-45.34833,N/A,N/A,N/A,N/A,N/A,N/A,-16924380,-28401280,95673784,1.729,20790530,N/A,36.74,2.5,2.422,0.577,4.38,1.34,95377,47906,N/A,0.72992706,0.10656,0.24947001,0.33,18.81,4.8,9.1525,N/A,4,-0.19587,-0.45701,-1.481,-0.71,-0.69,815746
ADBE,Adobe Inc.,Technology,Software - Infrastructure,United States,USD,NMS,https://www.adobe.com,529.87,233248768000,231811776512,45.056973,25.766447,N/A,16.21141,11.135188,32.685,46.482,0.106,0.233,0.38831002,0.88657,0.36834,0.25588,N/A,N/A,N/A,0.12,1111622400,6618500096,6732000256,7514999808,17.072,6078000128,N/A,41.788,1.111,0.966,1.299,638.25,433.97,2796609,2784890,N/A,-0.12078118,0.00207,0.87109,2.44,704.55,440.0,612.01917,1.84615,35,0.15969,0.35355,28.499,11.76,20.55,20946999296
ADAP,Adaptimmune Therapeutics plc,Healthcare,Biotechnology,United Kingdom,USD,NMS,https://www.adaptimmune.com,0.5912,151196432,1015023616,N/A,-1.0414501,N/A,1.5681697,1.0688356,0.377,0.595,23.996,N/A,-0.5152,-0.0367,0.53575003,-0.51252,N/A,N/A,N/A,N/A,N/A,-7946125,-44386000,214788992,0.14,47348000,N/A,49.18,3.092,2.907,2.247,2.05,0.42,1118057,14503207,N/A,0.6096033,0.0037599998,0.62019,4.71,4.0,1.0,2.62778,N/A,9,-0.15837,-0.65044,-13.927,-0.36,-0.38,141459008
ADC,Agree Realty Corporation,Real Estate,REIT - Retail,United States,USD,NYQ,https://www.agreerealty.com,75.59,8234018304,10784343040,41.762432,41.970425,N/A,1.5254065,13.711343,49.554,5.985,0.128,0.032,0.77442,0.87944,0.48819,0.31624,3.04,0.0396,1.6475,4.05,1732838400,353131008,438584992,13970000,0.135,2704724992,N/A,51.084,1.085,0.968,0.618,77.47,54.28,981264,732993,N/A,0.3062036,0.01768,1.07051,13.17,89.0,71.0,79.25,1.66667,18,0.02317,0.03616,23.189,1.81,1.82,600526016
ADCT,ADC Therapeutics SA,Healthcare,Biotechnology,Switzerland,USD,NYQ,https://www.adctherapeutics.com,2.65,256227456,452788704,N/A,-1.762472,N/A,N/A,3.6232796,-1.778,0.774,0.274,N/A,-1.93543,-0.8464,-1.92613,-2.99999,N/A,N/A,N/A,N/A,N/A,-96829128,-133616000,274272000,2.837,454396000,N/A,N/A,4.92,4.408,1.602,6.04,0.64,365258,477749,N/A,3.005682,0.21025999,0.60782003,9.62,10.0,6.0,8.4,1.57143,5,-0.2117,N/A,-3.308,-2.39,-1.49,70717000
ADD,"Color Star Technology Co., Ltd.",Communication Services,Entertainment,United States,USD,NCM,https://colorstarinternational.com,0.0718,4413093,6613608,N/A,N/A,N/A,0.20339945,1.5591533,0.353,0.074,N/A,N/A,N/A,0.29573,-3.2027302,N/A,N/A,N/A,N/A,N/A,N/A,-931988,-2780452,20218,N/A,1839658,N/A,9.93,1.156,0.179,2.238,1.85,0.06,3109489,12223720,N/A,-0.6956522,0.04473,0.010290001,0.4,N/A,N/A,N/A,N/A,N/A,-0.58576,-1.24251,-0.29,-0.71,N/A,2830442
ADEA,Adeia Inc.,Technology,Software - Application,United States,USD,NMS,https://adeia.com,11.67,1275122560,1719861760,31.54054,8.549451,N/A,3.3689377,3.7097387,3.464,3.177,-0.151,-0.19,0.54733,1.0,0.35741,0.12014,0.2,0.0173,0.5405,2.34,1732665600,112956000,144440992,89184000,0.816,533924000,N/A,141.169,3.423,3.283,1.13,14.24,9.05,415713,373943,N/A,0.18117404,0.010779999,0.98289,10.73,16.0,15.0,15.33333,1.66667,3,0.06026,0.114379995,9.142,0.37,1.36,343723008
ADFI,Anfield Dynamic Fixed Income ETF,N/A,N/A,N/A,USD,BTS,N/A,N/A,N/A,N/A,N/A,N/A,N/A,N/A,N/A,N/A,N/A,N/A,N/A,N/A,N/A,N/A,N/A,N/A,N/A,N/A,N/A,N/A,N/A,N/A,N/A,N/A,N/A,N/A,N/A,N/A,N/A,N/A,9.3,8.13,14107,11837,N/A,N/A,N/A,N/A,N/A,N/A,N/A,N/A,N/A,N/A,N/A,N/A,N/A,N/A,N/A,N/A
ADGM,"Adagio Medical Holdings, Inc.",Healthcare,Medical Devices,United States,USD,NCM,https://adagiomedical.com,3.71,49667996,138777424,N/A,N/A,N/A,N/A,124.48119,-183.928,0.518,1.099,N/A,N/A,N/A,-26.216541,N/A,N/A,N/A,N/A,N/A,N/A,N/A,-27174000,2045000,2.621,52206000,N/A,N/A,0.103,0.034,-0.096,9.34,2.33,22144,2554148,N/A,-0.7123623,0.19663,0.80114996,0.85,N/A,N/A,N/A,N/A,N/A,N/A,N/A,-4.78,-2.76,N/A,399000
ADI,"Analog Devices, Inc.",Technology,Semiconductors,United States,USD,NMS,https://www.analog.com,212.24,105375678464,110948392960,64.12085,28.284035,N/A,2.9944835,10.862984,70.877,19.544,-0.248,-0.546,0.44959998,0.57852,0.2178,0.17068,3.68,0.0173,1.0723001,1.78,1725321600,2862019584,3989006080,2545699072,5.127,8118322176,N/A,23.07,1.687,1.138,1.078,244.14,179.44,2839812,3213259,N/A,0.1594646,0.00246,0.91574997,3.15,295.0,212.1,255.38258,1.96774,27,0.0286,0.04658,25.439,3.31,7.54,9700435968
ADIL,"Adial Pharmaceuticals, Inc.",Healthcare,Biotechnology,United States,USD,NCM,https://www.adialpharma.com,1.14,7302589,3057702,N/A,-0.85393256,N/A,1.1445783,N/A,0.996,N/A,N/A,N/A,N/A,N/A,N/A,N/A,N/A,N/A,N/A,N/A,N/A,-2989877,-6387939,3288048,0.513,N/A,N/A,N/A,5.691,4.894,1.296,4.17,0.77,118426,1866243,N/A,-0.5285714,0.01799,0.03743,0.65,8.0,7.0,7.5,N/A,2,-1.04181,-3.20963,-0.42,-3.99,-1.33,N/A
ADIV,SmartETFs Asia Pacific Dividend Builder ETF,N/A,N/A,N/A,USD,PCX,N/A,N/A,N/A,N/A,12.074668,N/A,N/A,N/A,N/A,N/A,N/A,N/A,N/A,N/A,N/A,N/A,N/A,N/A,N/A,N/A,N/A,N/A,N/A,N/A,N/A,N/A,N/A,N/A,N/A,N/A,N/A,N/A,17.6,13.18,2500,2176,N/A,N/A,N/A,N/A,N/A,N/A,N/A,N/A,N/A,N/A,N/A,N/A,N/A,N/A,N/A,N/A
ADM,Archer-Daniels-Midland Company,Consumer Defensive,Farm Products,United States,USD,NYQ,https://www.adm.com,52.51,25107236864,36532236288,10.336614,10.40014,N/A,1.1332686,0.28284106,46.335,171.202,-0.117,-0.424,0.04493,0.07441,0.0222,0.0293,2.0,0.038599998,0.37849998,2.6,1732147200,2144875008,4728999936,764000000,1.598,11875999744,N/A,52.874,1.443,0.375,0.722,77.35,48.92,2723285,1656413,N/A,-0.29002166,0.0058600004,0.8058,3.05,66.0,51.0,59.193,3.09091,10,0.03415,0.1075,9.161,5.08,5.07,88768004096
ADMA,"ADMA Biologics, Inc.",Healthcare,Biotechnology,United States,USD,NGM,https://www.admabiologics.com,20.2,4775078400,5099975680,74.81481,27.766323,N/A,20.591234,12.473788,0.981,1.661,0.781,14.0,0.32887,0.49478,0.33076,0.17798,N/A,N/A,N/A,N/A,N/A,45999108,86053000,86707000,0.367,111384000,N/A,48.033,7.088,3.048,0.645,23.64,3.6,5217917,3214838,N/A,4.4080606,0.02546,0.91256,3.53,26.0,17.23,23.446,1.2,5,0.19891001,0.35548002,40.51,0.27,0.72,382808992
ADME,Aptus Drawdown Managed Equity ETF,N/A,N/A,N/A,USD,BTS,N/A,N/A,N/A,N/A,29.645805,N/A,N/A,N/A,N/A,N/A,N/A,N/A,N/A,N/A,N/A,N/A,N/A,N/A,N/A,N/A,N/A,N/A,N/A,N/A,N/A,N/A,N/A,N/A,N/A,N/A,N/A,N/A,47.96,36.67,29729,9271,N/A,N/A,N/A,N/A,N/A,N/A,N/A,N/A,N/A,N/A,N/A,N/A,N/A,N/A,N/A,N/A
ADN,"Advent Technologies Holdings, Inc.",Utilities,Utilities - Renewable,United States,USD,NCM,https://www.advent.energy,7.27,19167428,20171730,N/A,-363.5,N/A,N/A,2.7280712,-1.092,2.998,-0.276,N/A,N/A,-1.2875,-10.72422,N/A,N/A,N/A,N/A,N/A,N/A,1569750,-18026000,682000,0.259,869000,N/A,N/A,0.438,0.199,0.089,15.93,1.71,1192546,219888,N/A,-0.4946667,0.16644,0.03455,0.69,N/A,N/A,N/A,N/A,N/A,-0.74404997,-3.1310902,-0.464,-25.9,-0.02,7026000
ADNT,Adient plc,Consumer Cyclical,Auto Parts,Ireland,USD,NYQ,https://www.adient.com,20.4,1731959936,3661577984,102.0,6.266935,N/A,0.81161726,0.117916666,25.135,164.112,-0.045,-0.363,0.049840003,0.06318,0.02948,0.00123,N/A,N/A,N/A,N/A,1540252800,436500000,543000000,945000000,11.131,2404999936,N/A,94.909,1.111,0.772,2.182,37.19,19.3,1463912,1397331,N/A,-0.3530488,0.018480001,1.00376,6.11,68.0,19.0,29.8,2.45455,10,0.026630001,0.03932,5.002,0.2,3.43,14688000000
ADNWW,"Advent Technologies Holdings, Inc.",Utilities,Utilities - Renewable,United States,USD,NCM,https://www.advent.energy,0.0169,N/A,N/A,N/A,N/A,N/A,N/A,N/A,-1.092,2.998,-0.276,N/A,N/A,-1.2875,-10.72422,N/A,N/A,N/A,N/A,N/A,N/A,1569750,-18026000,682000,0.259,869000,N/A,N/A,0.438,0.199,0.089,0.0169,0.0125,N/A,252536,N/A,N/A,N/A,N/A,N/A,N/A,N/A,N/A,N/A,N/A,-0.74404997,-3.1310902,N/A,N/A,N/A,7026000
ADP,"Automatic Data Processing, Inc.",Technology,Software - Application,United States,USD,NMS,https://www.adp.com,301.99,123047936000,125727711232,32.89651,27.77088,N/A,23.019283,6.3027487,13.119,47.658,0.071,0.125,0.29365999,0.48112,0.26488,0.19715,6.16,0.02,0.59830004,2.02,1734048000,2609362432,4655499776,6768500224,16.612,9448299520,N/A,176.65,1.014,0.256,0.795,309.37,227.12,1520607,1479868,N/A,0.3164916,0.00121,0.84810996,4.24,325.0,280.0,297.674,2.73684,15,0.06544,0.87263,21.93,9.18,10.87,19522899968
ADPT,Adaptive Biotechnologies Corporation,Healthcare,Biotechnology,United States,USD,NMS,https://www.adaptivebiotech.com,5.58,823490880,804490560,N/A,-6.514506,N/A,3.6807387,4.64509,1.516,1.211,0.225,N/A,-0.82888,-0.0275,-0.70275,-1.1013,N/A,N/A,N/A,N/A,N/A,-44016248,-109653000,243328992,1.649,224524992,N/A,100.425,3.519,3.257,1.447,6.7,2.28,1034542,851527,N/A,0.35730863,0.01926,0.98818,9.71,10.0,5.5,7.41667,1.875,6,-0.16372,-0.66761,-5.475,-1.28,-0.94,177282000
ADPV,Adaptiv Select ETF,N/A,N/A,N/A,USD,PCX,N/A,N/A,N/A,N/A,32.660866,N/A,N/A,N/A,N/A,N/A,N/A,N/A,N/A,N/A,N/A,N/A,N/A,N/A,N/A,N/A,N/A,N/A,N/A,N/A,N/A,N/A,N/A,N/A,N/A,N/A,N/A,N/A,36.78,23.27,5451,8874,N/A,N/A,N/A,N/A,N/A,N/A,N/A,N/A,N/A,N/A,N/A,N/A,N/A,N/A,N/A,N/A
ADSE,ADS-TEC Energy PLC,Industrials,Electrical Equipment & Parts,Ireland,USD,NCM,https://www.ads-tec-energy.com,13.655,703175104,673640832,N/A,101.52416,N/A,N/A,4.7393026,-0.037,2.974,1.071,N/A,-0.15943,0.08976,-0.06258,-0.48154,N/A,N/A,N/A,N/A,N/A,-13273000,2573000,23691000,0.467,18932000,N/A,N/A,1.474,0.874,0.466,15.005,6.1,115607,38256,N/A,1.0474732,0.54714,0.123789996,4.15,14.0,14.0,14.0,N/A,1,-0.13458,-2.82349,-28.478,-1.52,-0.54,148371008
ADSEW,ADS-TEC Energy PLC,Industrials,Electrical Equipment & Parts,Ireland,USD,NCM,https://www.ads-tec-energy.com,3.31,N/A,N/A,N/A,N/A,N/A,N/A,N/A,-0.037,2.974,1.071,N/A,-0.15943,0.08976,-0.06258,-0.48154,N/A,N/A,N/A,N/A,N/A,-13273000,2573000,23691000,0.467,18932000,N/A,N/A,1.474,0.874,0.466,3.32,3.06,N/A,10886,N/A,N/A,N/A,N/A,N/A,N/A,N/A,N/A,N/A,N/A,-0.13458,-2.82349,N/A,-100.834,N/A,148371008
ADSK,"Autodesk, Inc.",Technology,Software - Application,United States,USD,NMS,https://www.autodesk.com,306.65,66085830656,66654748672,64.15272,33.42442,N/A,26.648996,11.3842945,11.507,27.063,0.119,0.262,0.24048,0.91920996,0.23653999,0.18208,N/A,N/A,N/A,0.48,1111449600,1633500032,1160999936,1878000000,8.735,2603000064,N/A,105.214,0.636,0.526,1.474,315.73,195.32,1343592,1539768,N/A,0.41098785,0.0017,0.94263,2.16,340.0,245.0,299.585,1.85714,26,0.0889,0.57445997,47.747,4.78,9.18,5805000192
ADT,ADT Inc.,Industrials,Security & Protection Services,United States,USD,NYQ,https://www.adt.com,7.49,6673687040,14548219904,749.0,9.332751,N/A,1.7350011,1.298307,4.317,5.662,0.054,N/A,0.47297,0.79488,0.26365,0.17255,0.22,0.028900001,20.0,1.97,1733961600,528334016,1837255040,95338000,0.106,7820132864,N/A,200.656,0.805,0.409,1.517,8.25,5.63,5973479,10022471,N/A,0.23577237,0.012669999,0.97776,2.64,9.2,7.0,8.54,2.6,5,0.04093,0.00401,5.984,0.01,0.8,5140299776
ADTN,"ADTRAN Holdings, Inc.",Technology,Communication Equipment,United States,USD,NMS,https://www.adtran.com,7.97,631479040,1179877760,N/A,39.358025,N/A,2.9409592,0.69749945,2.71,11.491,-0.164,N/A,-0.024549998,0.34549,-0.078940004,-0.56988996,0.36,0.0677,N/A,2.9,1692316800,110550000,82236000,88456000,1.12,215484000,N/A,33.893,2.096,0.935,1.2,8.29,4.34,515429,765027,N/A,0.436036,0.015190001,0.8914,5.38,11.0,9.0,9.75,1.5,4,-0.0465,-0.57579,-53.081,-6.5,0.21,905347008
ADTX,"Aditxt, Inc.",Healthcare,Biotechnology,United States,USD,NCM,https://www.aditxt.com,0.3485,3046036,7758084,N/A,-0.030868025,N/A,0.0026454225,9.237719,131.737,12.114,-0.8,N/A,N/A,-0.46091998,-134.97112,N/A,N/A,N/A,N/A,N/A,N/A,-13256582,-19594000,91223,1.013,8040767,N/A,126.761,0.073,0.024,1.081,380.0,0.3183,2523485,1880495,N/A,-0.9975143,0.000120000004,0.0019699999,0.16,N/A,N/A,N/A,N/A,N/A,-1.1760501,-34.93626,-0.234,-1375.2,-11.29,329739
ADUR,Aduro Clean Technologies Inc.,Industrials,Pollution & Treatment Controls,Canada,USD,NCM,https://www.adurocleantech.com,6.4085,180507584,168609136,N/A,N/A,N/A,17.801388,540.4888,0.36,0.016,-0.061,N/A,N/A,1.0,-44.65433,N/A,N/A,N/A,N/A,N/A,N/A,-4601272,-6025396,5995919,0.22,128975,N/A,1.315,12.551,11.245,1.132,7.0,1.339,45952,350821,N/A,3.3430657,0.39446,0.00418,N/A,N/A,N/A,N/A,N/A,N/A,-0.6106,-1.05833,-21.371,-0.92,N/A,333971
ADUS,Addus HomeCare Corporation,Healthcare,Medical Care Facilities,United States,USD,NMS,https://www.addus.com,122.07,2213507584,2037761408,27.93364,20.183466,N/A,2.3099194,1.9522808,52.846,68.569,0.07,0.158,0.10915,0.32532,0.08956,0.064959995,N/A,N/A,N/A,N/A,N/A,119220248,136064992,222852000,12.428,49763000,N/A,5.251,2.109,2.024,1.044,136.12,85.43,118893,100626,N/A,0.4220643,0.01747,1.03746,4.39,150.0,83.0,136.6,1.45455,10,0.06269,0.09026,16.466,4.37,5.82,1133805952
ADV,Advantage Solutions Inc.,Communication Services,Advertising Agencies,United States,USD,NMS,https://advantagesolutions.net,3.24,1039242880,2553337344,N/A,7.084445,N/A,1.113402,0.26041567,2.91,12.375,-0.079,N/A,0.09085,0.14653,0.03928,-0.03295,N/A,N/A,N/A,N/A,N/A,189220000,142638000,200198000,0.624,1701463040,N/A,182.456,1.901,1.692,1.559,4.95,2.4,593860,1013161,N/A,0.31200004,0.61967,0.52862,20.05,5.5,4.0,4.66667,2.33333,3,0.02389,-0.17252001,7.042,-0.57,0.46,3990707968
ADVM,"Adverum Biotechnologies, Inc.",Healthcare,Biotechnology,United States,USD,NCM,https://adverum.com,7.25,150818128,70839856,N/A,-1.5289972,N/A,1.046478,150.81813,6.928,0.059,N/A,N/A,N/A,N/A,-29.221,N/A,N/A,N/A,N/A,N/A,N/A,-47602500,-85541000,153240992,7.366,73263000,N/A,50.836,5.824,5.541,1.008,29.7,6.38,185544,199795,N/A,-0.16000003,0.11668,0.85041,7.41,40.0,10.0,29.71429,1.375,7,-0.29826,-0.76255995,-0.715,-5.7,-5.33,1000000
ADVE,Matthews Asia Dividend Active ETF,N/A,N/A,N/A,USD,PCX,N/A,N/A,N/A,N/A,N/A,N/A,N/A,N/A,N/A,N/A,N/A,N/A,N/A,N/A,N/A,N/A,N/A,N/A,N/A,N/A,N/A,N/A,N/A,N/A,N/A,N/A,N/A,N/A,N/A,N/A,N/A,N/A,37.053,30.178,281,299,N/A,N/A,N/A,N/A,N/A,N/A,N/A,N/A,N/A,N/A,N/A,N/A,N/A,N/A,N/A,N/A
ADVWW,Advantage Solutions Inc.,Communication Services,Advertising Agencies,United States,USD,NMS,https://advantagesolutions.net,0.0237,N/A,N/A,N/A,N/A,N/A,0.00814433,N/A,2.91,12.375,-0.079,N/A,0.09085,0.14653,0.03928,-0.03295,N/A,N/A,N/A,N/A,N/A,189220000,142638000,200198000,0.624,1701463040,N/A,182.456,1.901,1.692,1.559,0.0237,0.0237,N/A,526,N/A,N/A,N/A,N/A,N/A,N/A,N/A,N/A,N/A,N/A,0.02389,-0.17252001,N/A,N/A,N/A,3990707968
ADX,"Adams Diversified Equity Fund, Inc.",Financial Services,Asset Management,United States,USD,NYQ,https://www.adamsfunds.com/funds/diversified-equity,22.28,2487495168,2784165632,4.37721,N/A,N/A,0.94044155,71.56443,23.691,0.28,-0.023,0.189,N/A,1.0,0.4793,17.99532,1.76,0.0784,0.2554,7.64,1722816000,N/A,N/A,254408,0.002,N/A,N/A,N/A,0.764,0.155,0.941,22.58,16.47,206235,165950,N/A,0.3389423,0.0682,0.2536,3.63,N/A,N/A,N/A,N/A,N/A,0.00454,0.23368,N/A,5.09,N/A,34758820
ADXN,Addex Therapeutics Ltd,Healthcare,Biotechnology,Switzerland,USD,NCM,https://www.addextherapeutics.com,8.2,8763586,844553984,N/A,-164.0,N/A,63.565895,10.152063,0.129,1.2,-0.818,N/A,N/A,N/A,-7.80135,5.00165,N/A,N/A,N/A,N/A,N/A,-5807696,-7826565,3787780,0.039,32182,N/A,0.254,4.974,4.67,1.874,27.9,5.0,306642,106429,N/A,0.4383334,N/A,0.0029699998,0.14,30.0,30.0,30.0,N/A,1,-0.61713004,-1.26288,-76.292,-19.04,-0.05,863232
AEE,Ameren Corporation,Utilities,Utilities - Regulated Electric,United States,USD,NYQ,https://www.amereninvestors.com,89.72,23948779520,42359758848,21.515587,18.238962,N/A,2.0236833,3.3931396,44.335,26.546,0.056,-0.091,0.46245,0.51148,0.31766,0.16053,2.68,0.0293,0.62119997,2.78,1733875200,-2085374976,2479000064,17000000,0.064,18299000832,N/A,152.976,0.633,0.304,0.462,92.77,67.03,1422154,1890101,N/A,0.1633817,0.0027599998,0.81972003,2.17,98.0,79.0,89.34133,2.29412,15,0.02856,0.09838,12.978,4.17,4.92,7057999872
AEF,Abrdn Emerging Markets Equity Income Fund Inc,Financial Services,Asset Management,United Kingdom,USD,NYQ,https://www.aberdeench.com,5.24,265939424,302107584,10.48,N/A,N/A,0.8556498,32.045357,6.124,0.164,-0.234,-0.174,N/A,1.0,0.66040003,3.05458,0.4,0.0759,0.76,6.13,1727049600,1863634,19528424,354300,0.007,35000000,N/A,11.261,0.05,0.049,0.991,5.84,4.72,75992,92699,N/A,0.07157469,N/A,0.73324996,0.34,N/A,N/A,N/A,N/A,N/A,0.00847,0.08236,N/A,0.5,N/A,8298844
AE,"Adams Resources & Energy, Inc.",Energy,Oil & Gas Refining & Marketing,United States,USD,ASE,https://www.adamsresources.com,37.08,95210320,110493160,N/A,78.89362,N/A,1.127463,0.034193497,32.888,1086.56,-0.086,N/A,0.0058600004,0.012159999,-0.008,-0.0029199999,0.96,0.025899999,1.4117999,3.26,1733443200,26956876,37140000,25089000,9.732,40072000,N/A,47.266,1.037,0.829,N/A,37.9,22.3,11296,8002,N/A,0.2759807,0.079239994,0.57246,5.14,38.0,38.0,38.0,3.0,1,-0.01435,-0.09104,6.768,-0.52,0.14,2784456960
AEFC,N/A,N/A,N/A,N/A,USD,NYQ,N/A,N/A,N/A,N/A,N/A,N/A,N/A,N/A,N/A,N/A,N/A,N/A,N/A,N/A,N/A,N/A,N/A,N/A,N/A,N/A,N/A,N/A,N/A,N/A,N/A,N/A,N/A,N/A,N/A,N/A,N/A,N/A,22.9,20.2,34207,28491,N/A,N/A,N/A,N/A,N/A,N/A,N/A,N/A,N/A,N/A,N/A,N/A,N/A,N/A,N/A,N/A
AEG,Aegon Ltd.,Financial Services,Insurance - Diversified,Netherlands,USD,NYQ,https://www.aegon.com,6.33,10481847296,11452966912,N/A,21.903114,N/A,1.2467992,0.8235266,5.077,7.257,-0.037,N/A,N/A,0.39441,-0.0074400003,-0.00236,0.35,0.0557,0.66160005,5.01,1725494400,4531874816,450000000,3894000128,2.328,4622000128,N/A,53.663,24.052,4.408,1.064,6.96,5.3,2923306,4261382,N/A,0.17657995,N/A,0.09689999,1.46,6.89843,6.8,6.84922,N/A,2,-0.00042,-0.013789999,N/A,-0.08,0.29,12728000512
AEHR,"Aehr Test Systems, Inc.",Technology,Semiconductor Equipment & Materials,United States,USD,NCM,https://www.aehr.com,11.23,332755008,316444960,11.459183,23.893616,N/A,2.7125604,5.6674843,4.14,2.029,-0.364,-0.875,0.11902001,0.50483,0.01212,0.49635,N/A,N/A,N/A,N/A,N/A,-6566750,235000,37830000,1.277,6705000,N/A,5.474,6.026,3.028,2.039,30.5,9.83,1176737,1161160,N/A,-0.5547185,0.05886,0.74214,3.81,25.0,25.0,25.0,2.0,1,0.030450001,0.28764,45.284,0.98,0.47,58713000
AEHL,Antelope Enterprise Holdings Limited,Industrials,Building Products & Equipment,United States,USD,NCM,https://www.aehltd.com,0.3,4383690,8753775,0.016059957,N/A,N/A,0.20380436,0.06345611,1.472,14.171,-0.026,N/A,-0.18857999,0.05764,-0.15275,-0.19694,N/A,N/A,N/A,N/A,1418169600,2062424,-9897213,2322000,0.199,6642000,N/A,36.83,2.592,2.592,1.413,6.41,0.23,933042,794475,N/A,-0.8429319,0.34504002,0.00746,0.36,N/A,N/A,N/A,N/A,N/A,-0.35314998,-0.75767,-0.672,18.68,N/A,69082232
AEI,Alset Inc.,Real Estate,Real Estate - Development,United States,USD,NCM,https://www.alsetinc.com,1.08,9973930,-14843712,N/A,N/A,N/A,0.1255814,1.0816567,8.6,0.998,-0.941,N/A,-0.88205004,0.17181,-2.21912,N/A,N/A,N/A,N/A,N/A,N/A,-6417549,-5828196,36955828,4.002,3306619,N/A,3.771,12.882,11.744,1.26,2.05,0.458,44404,16854,N/A,-0.15555555,0.66747004,0.02352,0.27,N/A,N/A,N/A,N/A,N/A,-0.04468,-0.52155995,1.825,-6.3,N/A,9220976
AEIS,"Advanced Energy Industries, Inc.",Industrials,Electrical Equipment & Parts,United States,USD,NMS,https://www.advancedenergy.com,112.15,4225038336,4255077632,93.45833,22.522253,N/A,3.6282756,2.870446,30.91,39.34,-0.087,N/A,0.09231,0.35397,0.05035,0.02911,0.4,0.0034999999,0.33330002,N/A,1732492800,75177248,132063000,657444992,17.451,662624000,N/A,56.907,4.616,3.145,1.484,120.81,89.12,226415,148951,N/A,0.17250395,0.008,1.05337,9.87,130.0,92.0,116.33333,2.27273,9,0.01795,0.03985,31.315,1.2,4.98,1471910016
AEM,Agnico Eagle Mines Limited,Basic Materials,Gold,Canada,USD,NYQ,https://www.agnicoeagle.com,77.64,39090962432,38742589440,39.21212,15.874541,N/A,1.8989384,4.99968,40.886,15.68,0.312,2.245,0.53764,0.60511,0.40647998,0.12946999,1.6,0.0211,0.8081,2.35,1732838400,1856667136,3556903936,983107008,1.96,1615412992,N/A,7.878,1.748,0.689,1.081,89.0,44.37,2379035,3883312,N/A,0.60479534,0.00077,0.70709,2.23,127.86,56.0,95.71455,1.72222,11,0.050079998,0.05006,9.216,1.98,4.56,7818693120
AEMD,"Aethlon Medical, Inc.",Healthcare,Medical Devices,United States,USD,NCM,https://www.aethlonmedical.com,0.3985,5554014,-2542485,N/A,-0.60378784,N/A,0.6376,N/A,0.625,N/A,N/A,N/A,N/A,N/A,N/A,N/A,N/A,N/A,N/A,N/A,N/A,-5206360,-9394960,9072379,0.651,869945,N/A,9.985,4.486,4.261,1.755,2.35,0.24,1578445,546550,N/A,-0.75460124,0.00541,0.01847,0.98,7.1,7.0,7.05,N/A,2,-0.50463,-1.05377,0.239,-3.85,-0.66,N/A
AENT,Alliance Entertainment Holding Corporation,Communication Services,Entertainment,United States,USD,NCM,https://www.aent.com,4.32,220049584,326291968,N/A,12.342858,N/A,2.511628,0.19995728,1.72,21.651,-0.041,N/A,0.02037,0.11712,0.0026800002,0.00416,N/A,N/A,N/A,N/A,N/A,57535124,55773000,1129000,0.022,109833000,N/A,125.339,1.326,0.632,0.405,4.99,0.651,133463,41402,N/A,3.1711712,0.9383,0.00291,0.71,6.0,5.25,5.625,N/A,2,0.02831,0.05481,14.554,-0.06,N/A,1100482944
AENTW,Alliance Entertainment Holding Corporation,Communication Services,Entertainment,United States,USD,NCM,https://www.aent.com,0.121,N/A,N/A,N/A,N/A,N/A,0.07034884,N/A,1.72,21.651,-0.041,N/A,0.02037,0.11712,0.0026800002,0.00416,N/A,N/A,N/A,N/A,N/A,57535124,55773000,1129000,0.022,109833000,N/A,125.339,1.326,0.632,0.405,0.1544,0.121,N/A,15840,N/A,N/A,N/A,N/A,N/A,N/A,N/A,N/A,N/A,N/A,0.02831,0.05481,N/A,N/A,N/A,1100482944
AEO,"American Eagle Outfitters, Inc.",Consumer Cyclical,Apparel Retail,United States,USD,NYQ,https://www.aeo-inc.com,18.2,3495565056,4649793024,14.56,9.419315,N/A,2.0625567,0.64554685,8.824,27.689,0.075,0.568,0.12458,0.39382,0.07831,0.04581,0.5,0.0273,0.38,2.89,1728604800,383513760,472959008,191836992,0.999,1323025024,N/A,78.084,1.572,0.533,1.5,26.44,15.92,4208304,2407488,N/A,-0.071902096,0.061,1.04265,4.42,34.0,17.0,24.0,2.8,10,0.08041,0.14731,6.893,1.25,1.94,5414889984
AEON,"AEON Biopharma, Inc.",Healthcare,Biotechnology,United States,USD,ASE,https://www.aeonbiopharma.com,0.6118,24179682,38520296,N/A,-0.8866667,N/A,N/A,N/A,-0.714,N/A,N/A,N/A,N/A,N/A,N/A,N/A,N/A,N/A,N/A,N/A,N/A,-24595624,-43398000,3442000,0.087,14688000,N/A,N/A,0.385,0.33,0.397,17.17,0.604,135938,226618,N/A,-0.84424376,0.36641997,0.24974,0.78,5.0,5.0,5.0,N/A,1,-5.9768596,N/A,-0.878,-0.14,-0.69,N/A
AEP,"American Electric Power Company, Inc.",Utilities,Utilities - Regulated Electric,United States,USD,NMS,https://www.aep.com,93.76,49933295616,93721526272,18.827309,16.036478,N/A,1.8756127,2.547331,49.989,37.095,0.015,-0.016,0.37028,0.45083,0.25792998,0.13464,3.72,0.0399,0.7097,3.52,1731024000,-1226174976,6413400064,474400000,0.891,44221198336,N/A,165.878,0.565,0.3,0.539,105.18,75.22,2800851,2570374,N/A,0.21152604,0.00037999998,0.80844,2.95,116.0,86.0,101.09,2.81818,18,0.026129998,0.10182,12.912,4.98,5.89,19602200576
AER,AerCap Holdings N.V.,Industrials,Rental & Leasing Services,Ireland,USD,NYQ,https://www.aercap.com,95.13,18049110016,62169014272,7.6717744,7.8426876,N/A,1.0493166,2.3088806,90.659,40.199,0.03,-0.599,0.52136004,0.57967997,0.46147,0.32406,1.0,0.0106,0.0403,N/A,1731456000,-1829526400,5551903232,3810194944,20.62,48498540544,N/A,289.501,1.982,1.534,1.829,99.68,66.34,1098596,1229353,N/A,0.3869369,0.03402,0.91373,1.32,130.0,103.0,112.375,1.5,8,0.034760002,0.153,15.254,12.4,12.24,7817255936
AERT,"Aeries Technology, Inc",Industrials,Consulting Services,Singapore,USD,NCM,https://aeriestechnology.com,1.19,52955480,65761512,119.00001,N/A,N/A,N/A,0.7269511,-0.005,1.652,0.021,N/A,-0.13376,0.29108,-0.98517996,0.0057,N/A,N/A,N/A,N/A,N/A,18936876,-6120000,4197000,0.094,15406000,N/A,1672.747,0.87,0.698,-0.42,3.12,1.125,54136,10702,N/A,-0.4915254,0.82171,0.05391,1.4,N/A,N/A,N/A,N/A,N/A,-0.15296,0.18049999,-6.749,0.01,N/A,72846000
AERTW,"Aeries Technology, Inc",Industrials,Consulting Services,Singapore,USD,NCM,https://aeriestechnology.com,0.0425,N/A,N/A,N/A,N/A,N/A,N/A,N/A,-0.005,1.652,0.021,N/A,-0.13376,0.29108,-0.98517996,0.0057,N/A,N/A,N/A,N/A,N/A,18936876,-6120000,4197000,0.094,15406000,N/A,1672.747,0.87,0.698,-0.42,0.0425,0.0425,N/A,463,N/A,N/A,N/A,N/A,N/A,N/A,N/A,N/A,N/A,N/A,-0.15296,0.18049999,N/A,N/A,N/A,72846000
AES,The AES Corporation,Utilities,Utilities - Diversified,United States,USD,NYQ,https://www.aes.com,14.0,9954377728,43377377280,9.459459,6.8157697,N/A,3.0257187,0.8103531,4.627,17.668,-0.042,1.206,0.27141002,0.19440001,0.20158,0.08344,0.69,0.0507,0.4746,3.07,1730419200,-8318249984,2388999936,1980999936,2.786,30150000640,N/A,352.879,0.851,0.311,1.09,22.21,13.27,10077315,13485997,N/A,-0.17695475,0.00455,0.98474,2.71,25.0,16.0,21.21091,1.78571,11,0.028369999,-0.02549,13.011,1.48,2.03,12284000256
AESI,Atlas Energy Solutions Inc.,Energy,Oil & Gas Equipment & Services,United States,USD,NYQ,https://atlas.energy,20.25,3087618816,2744826624,29.347826,9.300082,N/A,2.126654,3.3352368,9.522,8.553,0.931,-0.93,0.28295,0.35102,0.08606,0.087799996,0.96,0.045500003,1.2464,N/A,1730937600,-203835872,271110016,78637000,0.713,495684000,N/A,47.38,1.226,1.002,N/A,24.93,15.55,876547,981559,N/A,0.23725832,0.42708,0.57152003,9.69,28.0,19.0,23.68182,1.6,11,0.06454,0.08337,10.479,0.69,1.98,925756992
AESR,Anfield U.S. Equity Sector Rotation ETF,N/A,N/A,N/A,USD,BTS,N/A,N/A,N/A,N/A,28.799957,N/A,N/A,N/A,N/A,N/A,N/A,N/A,N/A,N/A,N/A,N/A,N/A,N/A,N/A,N/A,N/A,N/A,N/A,N/A,N/A,N/A,N/A,N/A,N/A,N/A,N/A,N/A,17.86,12.913,20298,11775,N/A,N/A,N/A,N/A,N/A,N/A,N/A,N/A,N/A,N/A,N/A,N/A,N/A,N/A,N/A,N/A
AETH,Bitwise Ethereum Strategy ETF,N/A,N/A,N/A,USD,PCX,N/A,N/A,N/A,N/A,N/A,N/A,N/A,N/A,N/A,N/A,N/A,N/A,N/A,N/A,N/A,N/A,N/A,N/A,N/A,N/A,N/A,N/A,N/A,N/A,N/A,N/A,N/A,N/A,N/A,N/A,N/A,N/A,55.61,28.33,7732,18812,N/A,N/A,N/A,N/A,N/A,N/A,N/A,N/A,N/A,N/A,N/A,N/A,N/A,N/A,N/A,N/A
AEVA,"Aeva Technologies, Inc.",Technology,Software - Infrastructure,United States,USD,NYQ,https://www.aeva.com,3.77,203138160,77322784,N/A,-1.7534883,N/A,1.5701791,25.45591,2.401,0.153,1.778,N/A,N/A,-0.48033002,-16.83378,N/A,N/A,N/A,N/A,N/A,N/A,-50019752,-113349000,134816992,2.502,4691000,N/A,3.629,4.322,4.028,1.369,7.25,2.201,263776,311229,N/A,0.40510952,0.37886003,0.45201,14.19,6.0,4.87,5.4675,1.75,4,-0.42973998,-0.85758,-0.537,-3.12,-2.21,7980000
AEYE,"AudioEye, Inc.",Technology,Software - Application,United States,USD,NCM,https://www.audioeye.com,26.16,318579104,325996960,N/A,38.28311,N/A,42.815056,9.553169,0.611,2.824,0.139,N/A,0.01853,0.78874,0.02723,-0.098929994,N/A,N/A,N/A,N/A,N/A,3483375,2999000,5478000,0.45,9607000,N/A,130.672,0.837,0.761,1.024,34.85,3.97,159407,249426,N/A,5.3229666,0.47841,0.24854,5.49,37.0,32.5,34.625,1.5,4,-0.00601,-0.43652,527.503,-0.27,0.08,33348000
AFB,"AllianceBernstein National Municipal Income Fund, Inc.",Financial Services,Asset Management,United States,USD,NYQ,https://www.alliancebernstein.com/funds/us/closed-end/fixed-income/national-municipal-income-fund.htm,11.37,326829504,557407936,59.842106,N/A,N/A,0.93227285,12.826619,12.196,0.886,0.065,0.174,N/A,1.0,0.85942,0.21123,0.48,0.042,2.0627,4.32,1730937600,9582564,11346640,43,N/A,232015312,N/A,66.181,2.723,2.723,0.552,11.95,10.13,60531,54869,N/A,0.11909449,N/A,0.62863,0.14,N/A,N/A,N/A,N/A,N/A,0.023239998,0.01523,N/A,0.19,N/A,25480566
AFBI,"Affinity Bancshares, Inc.",Financial Services,Banks - Regional,United States,USD,NCM,https://myaffinitybank.com,21.48,137738992,143998496,25.270588,N/A,N/A,1.072927,4.5011272,20.02,4.772,0.06,0.04,N/A,N/A,0.28521,0.18329,N/A,N/A,N/A,N/A,N/A,N/A,7735000,52299000,8.156,58815000,N/A,N/A,N/A,N/A,0.514,22.21,14.02,7576,3005,N/A,0.5035063,0.28802,0.2306,3.45,N/A,N/A,N/A,N/A,N/A,0.0064700004,0.045440003,N/A,0.85,N/A,30601000
AFCG,Advanced Flower Capital Inc.,Real Estate,REIT - Mortgage,United States,USD,NGM,https://advancedflowercapital.com,9.25,191170672,229140944,12.671232,6.3247867,N/A,0.9822661,4.4296384,9.417,2.11,-0.388,-0.851,N/A,1.0,0.71553004,0.19898,1.32,0.1429,2.6301,N/A,1727654400,N/A,25574228,122163728,5.565,148461936,N/A,72.047,5.085,5.079,N/A,10.88,7.45243,178163,177408,N/A,0.2118169,0.18954,0.38112998,3.03,13.0,9.0,11.66667,2.0,3,0.01396,0.0208,N/A,0.73,1.63,43157172
AFG,"American Financial Group, Inc.",Financial Services,Insurance - Property & Casualty,United States,USD,NYQ,https://www.afginc.com,142.01,11919082496,12387475456,13.334272,11.957055,N/A,2.5314176,1.5056951,56.099,94.463,0.108,0.032,0.16952999,0.1972,0.11092,0.11306,3.2,0.0223,0.26639998,1.96,1731628800,-33375000,1234000000,1400999936,16.692,1720000000,N/A,36.534,2.012,0.907,0.778,144.81,108.4,300590,348592,N/A,0.30093443,0.17743999,0.6489,3.15,155.0,132.0,146.2,2.5,5,0.02491,0.20601,9.231,10.65,11.79,7916000256
AFGB,N/A,N/A,N/A,N/A,USD,NYQ,N/A,N/A,N/A,N/A,N/A,N/A,N/A,N/A,N/A,N/A,N/A,N/A,N/A,N/A,N/A,N/A,N/A,N/A,N/A,N/A,N/A,N/A,N/A,N/A,N/A,N/A,N/A,N/A,N/A,N/A,N/A,N/A,25.27,22.775,7558,19978,N/A,N/A,N/A,N/A,N/A,N/A,N/A,N/A,N/A,N/A,N/A,N/A,N/A,N/A,N/A,N/A
AFGC,"American Financial Group, Inc.",N/A,N/A,N/A,USD,NYQ,N/A,N/A,22124396,N/A,N/A,N/A,N/A,N/A,N/A,N/A,N/A,N/A,N/A,N/A,N/A,N/A,N/A,N/A,N/A,N/A,N/A,N/A,N/A,N/A,N/A,N/A,N/A,N/A,N/A,N/A,N/A,N/A,23.42,19.68,6871,5893,N/A,N/A,N/A,N/A,N/A,N/A,N/A,N/A,N/A,N/A,N/A,N/A,N/A,N/A,N/A,N/A
AFGD,"American Financial Group, Inc.",N/A,N/A,N/A,USD,NYQ,N/A,25.075,N/A,N/A,N/A,N/A,N/A,N/A,N/A,N/A,N/A,N/A,N/A,N/A,N/A,N/A,N/A,N/A,N/A,N/A,N/A,N/A,N/A,N/A,N/A,N/A,N/A,N/A,N/A,N/A,N/A,N/A,25.61,21.42,8790,10224,N/A,N/A,N/A,N/A,N/A,N/A,N/A,N/A,N/A,N/A,N/A,N/A,N/A,N/A,N/A,N/A
AFGE,"American Financial Group, Inc.",N/A,N/A,N/A,USD,NYQ,N/A,19.74,N/A,N/A,N/A,N/A,N/A,N/A,N/A,N/A,N/A,N/A,N/A,N/A,N/A,N/A,N/A,N/A,N/A,N/A,N/A,N/A,N/A,N/A,N/A,N/A,N/A,N/A,N/A,N/A,N/A,N/A,21.78,17.65,21596,3893,N/A,N/A,N/A,N/A,N/A,N/A,N/A,N/A,N/A,N/A,N/A,N/A,N/A,N/A,N/A,N/A
AFIF,Anfield Universal Fixed Income ETF,N/A,N/A,N/A,USD,BTS,N/A,N/A,N/A,N/A,N/A,N/A,N/A,N/A,N/A,N/A,N/A,N/A,N/A,N/A,N/A,N/A,N/A,N/A,N/A,N/A,N/A,N/A,N/A,N/A,N/A,N/A,N/A,N/A,N/A,N/A,N/A,N/A,9.28,8.9,26450,27233,N/A,N/A,N/A,N/A,N/A,N/A,N/A,N/A,N/A,N/A,N/A,N/A,N/A,N/A,N/A,N/A
AFJK,"Aimei Health Technology Co., Ltd",Financial Services,Shell Companies,United States,USD,NGM,N/A,10.6,95675600,95891768,N/A,N/A,N/A,N/A,N/A,-0.066,N/A,N/A,N/A,N/A,N/A,N/A,N/A,N/A,N/A,N/A,N/A,N/A,N/A,-423212,157505,0.017,N/A,N/A,N/A,1.837,1.416,N/A,10.65,10.15,17133,248,N/A,0.04734254,0.22790001,0.76462,0.22,N/A,N/A,N/A,N/A,N/A,N/A,N/A,N/A,N/A,N/A,N/A
AFJKU,"Aimei Health Technology Co., Ltd",Financial Services,Shell Companies,United States,USD,NGM,N/A,10.75,N/A,96871992,N/A,N/A,N/A,N/A,N/A,-0.066,N/A,N/A,N/A,N/A,N/A,N/A,N/A,N/A,N/A,N/A,N/A,N/A,N/A,-423212,157505,0.017,N/A,N/A,N/A,1.837,1.416,N/A,12.69,10.14,4292,20,N/A,0.059113264,0.05533,0.18455,1.14,N/A,N/A,N/A,N/A,N/A,N/A,N/A,N/A,N/A,N/A,N/A
AFK,VanEck Africa Index ETF,N/A,N/A,N/A,USD,PCX,N/A,N/A,N/A,N/A,9.526088,N/A,N/A,N/A,N/A,N/A,N/A,N/A,N/A,N/A,N/A,N/A,N/A,N/A,N/A,N/A,N/A,N/A,N/A,N/A,N/A,N/A,N/A,N/A,N/A,N/A,N/A,N/A,17.25,12.84,12335,16295,N/A,N/A,N/A,N/A,N/A,N/A,N/A,N/A,N/A,N/A,N/A,N/A,N/A,N/A,N/A,N/A
AFJKR,"Aimei Health Technology Co., Ltd",N/A,N/A,United States,USD,NGM,N/A,0.2298,N/A,N/A,N/A,N/A,N/A,N/A,N/A,-0.066,N/A,N/A,N/A,N/A,N/A,N/A,N/A,N/A,N/A,N/A,N/A,N/A,N/A,-423212,157505,0.017,N/A,N/A,N/A,1.837,1.416,N/A,0.2298,0.2298,N/A,130,N/A,N/A,N/A,N/A,N/A,N/A,N/A,N/A,N/A,N/A,N/A,N/A,N/A,N/A,N/A,N/A
AFL,Aflac Incorporated,Financial Services,Insurance - Life,United States,USD,NYQ,https://www.aflac.com,109.68,60930310144,64216354816,16.419163,15.296922,N/A,2.4591377,3.5215762,44.601,30.368,-0.404,N/A,0.27622998,0.45196998,0.04815,0.22015,2.0,0.018099999,0.28530002,2.36,1732060800,2892499968,2956000000,9164000256,16.496,12449999872,N/A,50.141,1.492,1.349,0.958,115.5,75.08,2226592,1637767,N/A,0.34132326,0.10141,0.61192,4.41,124.0,90.0,103.83333,3.0,12,0.0235,0.16038,13.436,6.68,7.17,17301999616
AFLG,First Trust Active Factor Large Cap ETF,N/A,N/A,N/A,USD,PCX,N/A,N/A,N/A,N/A,22.152039,N/A,N/A,N/A,N/A,N/A,N/A,N/A,N/A,N/A,N/A,N/A,N/A,N/A,N/A,N/A,N/A,N/A,N/A,N/A,N/A,N/A,N/A,N/A,N/A,N/A,N/A,N/A,35.62,26.042,22375,367624,N/A,N/A,N/A,N/A,N/A,N/A,N/A,N/A,N/A,N/A,N/A,N/A,N/A,N/A,N/A,N/A
AFMC,First Trust Active Factor Mid Cap ETF,N/A,N/A,N/A,USD,PCX,N/A,N/A,N/A,N/A,15.172792,N/A,N/A,N/A,N/A,N/A,N/A,N/A,N/A,N/A,N/A,N/A,N/A,N/A,N/A,N/A,N/A,N/A,N/A,N/A,N/A,N/A,N/A,N/A,N/A,N/A,N/A,N/A,34.44,24.365,7037,5656,N/A,N/A,N/A,N/A,N/A,N/A,N/A,N/A,N/A,N/A,N/A,N/A,N/A,N/A,N/A,N/A
AFRI,Forafric Global PLC,Consumer Defensive,Farm Products,Gibraltar,USD,NCM,https://forafric.com,10.12,272017504,458819168,N/A,N/A,N/A,11.933962,0.8904709,0.848,11.365,0.186,N/A,0.02015,0.100159995,0.015700001,-0.041500002,N/A,N/A,N/A,N/A,N/A,29342124,33326000,24021000,0.894,198767008,N/A,680.569,0.479,0.331,0.403,12.0,9.63,9292,7488,N/A,-0.09938973,0.81596,0.017029999,41.93,N/A,N/A,N/A,N/A,N/A,0.0023,-0.33731997,74.532,-0.47,N/A,305476000
AFMD,Affimed N.V.,Healthcare,Biotechnology,Germany,USD,NGM,https://www.affimed.com,3.65,57234920,37302808,N/A,-1.3865148,N/A,1.9934462,7.704256,1.831,0.493,-0.9,N/A,N/A,1.0,-74.0619,N/A,N/A,N/A,N/A,N/A,N/A,-52466876,-84022000,34447000,2.197,14515000,N/A,50.55,2.71,2.409,2.098,8.95,2.918,85709,163069,N/A,-0.07407409,0.06007,0.36598998,12.46,55.12,9.006,27.94871,N/A,7,-0.49308,-1.24077,-0.524,-5.46,-2.61,7429000
AFRIW,Forafric Global PLC,Consumer Defensive,Farm Products,Gibraltar,USD,NCM,https://forafric.com,1.16,N/A,N/A,N/A,N/A,N/A,1.3679245,N/A,0.848,11.365,0.186,N/A,0.02015,0.100159995,0.015700001,-0.041500002,N/A,N/A,N/A,N/A,N/A,29342124,33326000,24021000,0.894,198767008,N/A,680.569,0.479,0.331,0.403,1.21,1.16,N/A,1902,N/A,N/A,N/A,N/A,N/A,N/A,N/A,N/A,N/A,N/A,0.0023,-0.33731997,N/A,-0.023,N/A,305476000
AFRM,"Affirm Holdings, Inc.",Technology,Software - Infrastructure,United States,USD,NMS,https://www.affirm.com,53.21,16710919168,22441666560,N/A,-239.14607,N/A,5.8919277,6.6183662,9.031,8.055,0.407,N/A,-0.115559995,0.42266998,-0.19024,-0.17672001,N/A,N/A,N/A,N/A,N/A,118980128,548102976,1894797056,6.033,7119907840,N/A,251.092,15.203,12.914,3.477,59.27,22.25,11290422,7827940,N/A,1.2113755,0.048520003,0.76862,2.14,68.0,20.0,48.86882,2.36842,17,-0.035940003,-0.16519,-76.915,-1.41,0.47,2524931072
AAB.to,Aberdeen International Inc.,Financial Services,Asset Management,Canada,CAD,TOR,https://www.aberdeen.green,0.04,5795079,-6379488,N/A,N/A,N/A,0.6060606,-0.6513696,0.066,-0.061,N/A,N/A,N/A,N/A,4.36314,N/A,N/A,N/A,N/A,N/A,1347926400,-5182363,23457,12215726,0.084,41146,N/A,0.429,3.934,3.78,1.824,0.09,0.02,299901,1238000,N/A,0.33333337,0.14747,N/A,0.36,N/A,N/A,N/A,N/A,N/A,-0.36035,-0.74033,N/A,-0.08,N/A,-8896760
AAUC.to,Allied Gold Corporation,Basic Materials,Gold,Canada,CAD,TOR,https://alliedgold.com,3.13,1029419456,1118574976,N/A,5.231227,N/A,3.7893465,1.3925941,0.826,2.941,0.069,N/A,0.21711001,0.325,0.18199,-0.13515,N/A,N/A,N/A,N/A,N/A,45523376,46978000,95368000,0.29,129323000,N/A,44.97,0.567,0.264,N/A,4.5,2.69,863291,664572,N/A,-0.25485438,0.29646,0.24174,0.43,6.51,4.223,5.37171,1.5,7,0.06442,-0.3006,6.97,-0.43,0.84,739209984
AAV.to,Advantage Energy Ltd.,Energy,Oil & Gas E&P,Canada,CAD,TOR,https://www.advantageog.com,9.05,1511096576,2285627904,33.518517,6.7663555,N/A,0.93356717,3.0912201,9.694,2.996,-0.092,N/A,0.63708,0.56814,0.07507,0.093310006,N/A,N/A,N/A,16.81,1235520000,-472568000,250231008,12209000,0.073,762489984,N/A,47.137,0.752,0.382,1.445,11.73,8.02,429169,627358,N/A,-0.073695004,0.01594,0.40397,7.35,20.0,11.0,13.13636,1.90909,11,0.02932,0.0279,7.339,0.27,1.28,488835008
ABX.to,Barrick Gold Corporation,Basic Materials,Gold,Canada,CAD,TOR,https://www.barrick.com,23.72,41463746560,50697588736,18.53125,12.659781,N/A,1.7398957,3.3611987,13.633,7.032,0.177,0.315,0.43936002,0.34387,0.30879,0.13189,0.55,0.0235,0.4348,2.15,1732838400,950374976,4096000000,4224999936,2.417,4725000192,N/A,14.363,2.65,1.621,0.48,29.5,18.65,3658011,3428027,N/A,0.10069609,0.00602,0.62131,3.61,27.39,20.042,23.61955,1.81818,11,0.04147,0.07734,9.354,1.28,2.09,12336000000
AC.to,Air Canada,Industrials,Airlines,Canada,CAD,TOR,https://www.aircanada.com,24.57,8808172544,12659945472,3.6891892,8.3073,N/A,2.8486955,0.39989886,8.625,61.525,-0.038,0.743,0.12494001,0.31168,0.17031999,0.11568,N/A,N/A,N/A,N/A,N/A,1864625024,4238000128,8380000256,23.376,12368000000,N/A,400.0,0.922,0.859,2.407,24.99,14.47,2890825,4433326,N/A,0.37339294,0.00145,0.14864,3.41,34.0,17.2,25.905,1.77778,18,0.03311,1.39923,4.6,6.66,3.07,22026000384
